Nombre_Imagen,Clase,d:1_a:0_energia,d:1_a:0_contraste,d:1_a:0_correlacion,d:1_a:0_homogeneidad,d:1_a:0_idf,d:1_a:0_entropia,d:1_a:0_varianza,d:1_a:45_energia,d:1_a:45_contraste,d:1_a:45_correlacion,d:1_a:45_homogeneidad,d:1_a:45_idf,d:1_a:45_entropia,d:1_a:45_varianza,d:1_a:90_energia,d:1_a:90_contraste,d:1_a:90_correlacion,d:1_a:90_homogeneidad,d:1_a:90_idf,d:1_a:90_entropia,d:1_a:90_varianza,d:1_a:135_energia,d:1_a:135_contraste,d:1_a:135_correlacion,d:1_a:135_homogeneidad,d:1_a:135_idf,d:1_a:135_entropia,d:1_a:135_varianza,d:3_a:0_energia,d:3_a:0_contraste,d:3_a:0_correlacion,d:3_a:0_homogeneidad,d:3_a:0_idf,d:3_a:0_entropia,d:3_a:0_varianza,d:3_a:45_energia,d:3_a:45_contraste,d:3_a:45_correlacion,d:3_a:45_homogeneidad,d:3_a:45_idf,d:3_a:45_entropia,d:3_a:45_varianza,d:3_a:90_energia,d:3_a:90_contraste,d:3_a:90_correlacion,d:3_a:90_homogeneidad,d:3_a:90_idf,d:3_a:90_entropia,d:3_a:90_varianza,d:3_a:135_energia,d:3_a:135_contraste,d:3_a:135_correlacion,d:3_a:135_homogeneidad,d:3_a:135_idf,d:3_a:135_entropia,d:3_a:135_varianza,d:7_a:0_energia,d:7_a:0_contraste,d:7_a:0_correlacion,d:7_a:0_homogeneidad,d:7_a:0_idf,d:7_a:0_entropia,d:7_a:0_varianza,d:7_a:45_energia,d:7_a:45_contraste,d:7_a:45_correlacion,d:7_a:45_homogeneidad,d:7_a:45_idf,d:7_a:45_entropia,d:7_a:45_varianza,d:7_a:90_energia,d:7_a:90_contraste,d:7_a:90_correlacion,d:7_a:90_homogeneidad,d:7_a:90_idf,d:7_a:90_entropia,d:7_a:90_varianza,d:7_a:135_energia,d:7_a:135_contraste,d:7_a:135_correlacion,d:7_a:135_homogeneidad,d:7_a:135_idf,d:7_a:135_entropia,d:7_a:135_varianza,GLRL_a:0_SRE,GLRL_a:0_LRE,GLRL_a:0_GLNU,GLRL_a:0_RLN,GLRL_a:0_RP,GLRL_a:45_SRE,GLRL_a:45_LRE,GLRL_a:45_GLNU,GLRL_a:45_RLN,GLRL_a:45_RP,GLRL_a:90_SRE,GLRL_a:90_LRE,GLRL_a:90_GLNU,GLRL_a:90_RLN,GLRL_a:90_RP
Falla_1_1_5_crop-5..png,Clase1-Sano,0.13997291322059577,0.0983666173239186,12.095402298850576,0.35085062187939325,0.35085062187939325,6.14700923159392,6.707494715286035,0.1412682110287103,0.15542067561989736,11.491082045184303,0.3676496545588923,0.3676496545588923,6.124258928337433,6.802843565711505,0.13743925741262758,0.17643900468172666,11.212643678160921,0.3476416783639623,0.3476416783639623,6.157301480215907,6.807415444576564,0.14072420926018714,0.15176271613947598,11.577883472057074,0.38352201841921313,0.3835220184192131,6.140406548425775,6.824672584163862,0.14299153214616697,0.03256885627312144,13.103703703703703,0.32941443013176963,0.32941443013176963,6.090600283986209,6.772421886907484,0.14080384816051605,0.11551213557482913,12.221938775510203,0.3502050546062655,0.3502050546062655,6.0997475486525605,6.909048313202831,0.14167977830068915,0.15274770515290967,11.706172839506175,0.37769382909661836,0.37769382909661836,6.110695684913914,6.908315805517452,0.1399985032198205,0.13007486206374025,12.048469387755102,0.36501782865992377,0.36501782865992377,6.099058186696573,6.925003579237817,0.14361726541260866,-0.010993351129852495,11.3768115942029,0.3418241975666051,0.3418241975666051,6.049733897901025,5.626551144717498,0.14468724891986853,0.002091794996914336,11.392,0.3410223812413346,0.3410223812413346,6.031889313670084,5.70793984,0.14178106134169502,0.08964247582338455,13.360869565217392,0.38110820585071775,0.38110820585071775,6.108824289265568,7.338254043268221,0.14527436112404693,0.0489050584202057,10.875200000000001,0.3647636328215639,0.3647636328215639,6.00549376348478,5.7172,0.8957411010223276,1.5849546044098552,98.81322957198431,587.8690012970161,0.6023437499999996,0.8957411010223276,1.5849546044098552,98.81322957198431,587.8690012970161,0.6023437499999996,0.8994692144364898,1.470063694267514,102.55923566878967,603.247133757961,1.0221354166666654
Falla_1_1_1_crop-5..png,Clase1-Sano,0.1604447017263654,-0.006745067660240541,12.424137931034483,0.376935489009208,0.376935489009208,5.769830905672998,6.17044887039239,0.15976391534540174,0.07449640643822263,11.659928656361473,0.3729696795009812,0.3729696795009812,5.764315117141086,6.299234674761516,0.16041793743802302,-0.03273754652581721,12.791954022988506,0.3561387956141936,0.3561387956141936,5.753197106549172,6.193225987580922,0.1577489608165707,0.029153825344265874,12.246135552913197,0.3823188518456966,0.3823188518456966,5.77189160615889,6.306939179760237,0.1583209992067339,-0.047205218092758204,13.381481481481483,0.3469656008924561,0.3469656008924561,5.7567096716888955,6.3891399939033695,0.15843561968564027,0.07809360605861712,11.963010204081632,0.3648308474961708,0.3648308474961708,5.755451982091612,6.48819136232299,0.15917549716118265,0.05699899739932728,12.03827160493827,0.38530578749770344,0.38530578749770344,5.754350646643833,6.382958009449778,0.1573795593386447,0.024060371441172162,12.701530612244898,0.370034219572236,0.370034219572236,5.784952412912106,6.507334183673469,0.1653730515131522,-0.11050640549452927,11.273913043478261,0.3833270204594556,0.3833270204594556,5.710269318200824,5.076023419449696,0.1613939280146561,-0.0560782837786978,11.224,0.3826692357432833,0.3826692357432833,5.741202617572858,5.314,0.16055917307064976,0.031468105931137455,13.472463768115944,0.3736387168921425,0.3736387168921425,5.7706965171275115,6.95509556815795,0.15898477914567796,-0.028443054656714067,10.9008,0.36664194384179255,0.36664194384179255,5.73771097488734,5.29966144,0.8927618426762256,1.606258148631028,115.8448500651889,580.5097783572352,0.5992187499999996,0.8927618426762256,1.606258148631028,115.8448500651889,580.5097783572352,0.5992187499999996,0.9021717817552993,1.514066496163681,117.13299232736557,605.7468030690529,0.6109374999999996
Falla_1_1_6_crop-5..png,Clase1-Sano,0.15521497926195868,0.030062930566024507,11.879310344827585,0.369119392921097,0.369119392921097,5.849119332770504,6.123753137798917,0.15581459002086967,-0.005267443011520952,12.426872770511295,0.37471512471484536,0.37471512471484536,5.825044149782686,6.180878957585457,0.15651821674597058,0.02871312937785558,11.851724137931033,0.36262971209177874,0.36262971209177874,5.827408671588075,6.101042079534945,0.15645526002876325,0.09301172768262796,11.22592152199762,0.3857671199956892,0.3857671199956892,5.810861799469931,6.18857038433098,0.15412085788608682,0.0009915495078569802,12.619753086419756,0.35714573246651715,0.35714573246651715,5.844060823017467,6.316139308032313,0.15735888278868507,0.11223924154853222,11.339285714285712,0.3970452714852113,0.3970452714852113,5.8100702830671285,6.386453561016243,0.1542987638318683,0.008348095563496461,12.501234567901232,0.37330915871869275,0.37330915871869275,5.830084673084559,6.303237311385457,0.15610025102295447,0.015587862909032666,12.605867346938775,0.37854434242474944,0.37854434242474944,5.8322476952516435,6.402738686354644,0.15704421653894227,-0.023784974622627554,10.528985507246377,0.35268786124058327,0.35268786124058327,5.817725017573294,5.142185990338164,0.15728089521617047,-0.035508517339689245,10.863999999999999,0.35621829187261106,0.35621829187261106,5.754551427132661,5.24573184,0.15942028985507248,0.04915599448630671,12.85072463768116,0.3664613345596344,0.3664613345596344,5.789079519220292,6.757535706784289,0.15385811645798866,-0.023948460979548034,10.8736,0.3474862119708504,0.3474862119708504,5.803325873788379,5.3096422400000005,0.8847548372902557,1.6728232189973593,110.22163588390487,561.6306068601575,0.49348958333333304,0.8847548372902557,1.6728232189973593,110.22163588390487,561.6306068601575,0.49348958333333304,0.898589770948049,1.5057618437900109,113.67605633802802,599.0947503201016,0.7626953124999993
Falla_1_1_7_crop-5..png,Clase1-Sano,0.14403862827999162,0.04325889066247668,12.065517241379307,0.3516481526508344,0.3516481526508344,5.99424907145798,6.305528801691107,0.1443766421534062,0.0964973401628046,11.612366230677763,0.3502141803309418,0.3502141803309418,6.001695317684091,6.426304396696645,0.1461624308874651,0.060975564193030546,11.954022988505745,0.36800422808760225,0.36800422808760225,6.005339152192861,6.365128814902893,0.14672015800016938,0.06814219685317932,11.96195005945303,0.37714699425993925,0.37714699425993925,5.97541862175862,6.418334438504639,0.14716753649566025,-0.039676926139419845,13.469135802469136,0.3435056951279823,0.3435056951279823,5.972303132118027,6.477558299039781,0.14599160160956104,0.041525766034858955,12.65688775510204,0.36453474903753214,0.36453474903753214,6.016846509726498,6.602622849203456,0.14515494772048462,0.07343648222246661,12.019753086419753,0.36593617289872116,0.36593617289872116,5.982873516014803,6.486200274348423,0.14767852515854468,0.03205797020003602,12.778061224489795,0.3598651007619711,0.35986510076197104,5.986436742377492,6.600633525093711,0.14467006114276823,-0.03024589043610455,11.169565217391305,0.33136184375620475,0.3313618437562047,5.993584662671626,5.42082493173703,0.1468343284113085,-0.024518968669947606,11.248000000000001,0.33846050190364824,0.33846050190364824,5.94650451850354,5.4894054400000005,0.14779411418942204,0.07975332873777037,12.720289855072464,0.38145388284771703,0.38145388284771703,5.961671769745613,6.911347931106911,0.14839083529652364,0.008234893725947632,10.9104,0.36374259419386457,0.36374259419386457,5.945885695062021,5.500496,0.8929780948254729,1.5667963683527866,105.92607003891037,583.4176394293119,0.7529296874999993,0.8929780948254729,1.5667963683527866,105.92607003891037,583.4176394293119,0.7529296874999993,0.8837762467183006,1.6141732283464545,104.97112860892375,562.8425196850386,0.7441406249999993
Falla_1_1_3_crop-5..png,Clase1-Sano,0.14353556141943938,0.10620714895225213,11.073563218390806,0.35059393676435857,0.35059393676435857,6.03106937658082,6.194703395428722,0.14259063314488657,0.18851403801756567,10.254458977407847,0.36757341198121674,0.36757341198121674,6.0082748011852685,6.318321855104266,0.142289844291894,0.17035140455749315,10.498850574712643,0.38223126585065065,0.38223126585065065,6.064843776297376,6.327287620557538,0.14220340071262308,0.1401135650529665,10.860879904875148,0.3612675013777921,0.3612675013777921,6.053505275463658,6.315299011284058,0.14381523820665149,0.04187531822967903,11.964197530864196,0.34636800810581625,0.34636800810581625,6.010033754767489,6.243549382716049,0.14254646885492142,0.08489110705210474,11.720663265306124,0.35687607043050373,0.35687607043050373,6.01966418831131,6.4039718964754275,0.14258056707348263,0.17615130882483926,10.749382716049379,0.37734934375566287,0.37734934375566287,6.054462712170473,6.523881649138849,0.14419754273459565,0.08558986060864637,11.653061224489798,0.3479946645257159,0.3479946645257159,6.006511711097404,6.371900705435236,0.14504705216927077,0.019295970200611693,10.272463768115939,0.34546025366069727,0.34546025366069727,5.981712277273461,5.237290485192186,0.14087725153480243,0.0698574616330434,10.4576,0.3510584400146753,0.3510584400146753,6.049294320857821,5.621504,0.1418254975300014,0.13066645105950456,12.014492753623191,0.3752469957929691,0.3752469957929691,6.050113786920733,6.910174333123293,0.14346121427061742,0.05241844644004294,10.4448,0.3477400044025926,0.3477400044025926,5.994308844366503,5.51129344,0.9054595379809738,1.5153061224489777,104.7270408163264,612.63775510204,0.6124999999999996,0.9054595379809738,1.5153061224489777,104.7270408163264,612.63775510204,0.6124999999999996,0.8695727069342806,1.7288590604026821,99.32483221476497,530.5651006711402,0.5820312499999996
Falla_1_1_9_crop-5..png,Clase1-Sano,0.15398867348059014,0.022767840462498412,12.1632183908046,0.3689056938507963,0.3689056938507963,5.801622350738622,6.223300303871055,0.15731366664496216,0.025883032311408673,12.31629013079667,0.3787667257659031,0.3787667257659031,5.772983840235017,6.3217716862180655,0.1554552552088345,0.0723969963888269,11.567816091954022,0.37557960659542566,0.37557960659542566,5.78092429983668,6.235326991676575,0.15464418225156154,0.02860895046803312,12.265160523186681,0.3815980003552242,0.3815980003552242,5.771914055510702,6.313194119451817,0.15532758132965072,-0.020344039299476806,13.076543209876544,0.3564237042605279,0.3564237042605279,5.779111337173421,6.407908855357416,0.1568747920644236,0.05697317387479971,12.227040816326529,0.3690562358252693,0.3690562358252693,5.739983270136258,6.482870093190337,0.15531286182416115,0.11677508301917709,11.312345679012347,0.3782169083482368,0.3782169083482368,5.772549711281642,6.404000533455266,0.15673212788875307,-0.047186393811182906,13.557397959183673,0.37289234389003034,0.37289234389003034,5.756460831612607,6.473249671360891,0.15781138058470306,0.016193008321664086,10.049275362318841,0.3624141844553976,0.3624141844553975,5.738986168930142,5.107340894770007,0.15733378531008524,0.025947187141216986,10.1808,0.35164164153043154,0.35164164153043154,5.72034608336514,5.226000000000001,0.15492340120022377,0.06118375195614971,13.086956521739129,0.36411257601170527,0.36411257601170527,5.76616090144397,6.96992438563327,0.1601559240240585,0.06389699786945098,9.784,0.39494829057217523,0.3949482905721752,5.711407348664409,5.22592064,0.8939552669543948,1.5896103896103875,112.60779220779206,584.1999999999992,0.6015624999999996,0.8939552669543948,1.5896103896103875,112.60779220779206,584.1999999999992,0.6015624999999996,0.8816754966878847,1.6953642384105938,108.52052980132436,554.9337748344363,0.49153645833333304
Falla_1_1_0_crop-5..png,Clase1-Sano,0.13805549939881245,0.148625466791289,9.718390804597702,0.3735990847839395,0.3735990847839395,6.077020760112181,5.707470934073194,0.13673163379196565,0.17937792342824324,9.475624256837099,0.3556365111986893,0.3556365111986893,6.08941750673624,5.773439764393501,0.13694330247784825,0.17999952873536126,9.563218390804598,0.3693693987147562,0.3693693987147562,6.115870463244334,5.831227374818339,0.13716009074033833,0.17928847617603388,9.492271105826395,0.3633821062637081,0.3633821062637081,6.103177994676408,5.7829522495302434,0.13537812490104262,0.07390048037020037,10.682716049382716,0.33634345824021306,0.33634345824021306,6.1084574455238405,5.767585352842555,0.13746840441956462,0.16559448924876208,9.813775510204081,0.3624256289556729,0.3624256289556729,6.087620820135666,5.880699122761349,0.13472354799737976,0.1966620749722562,9.548148148148151,0.3507231015707402,0.3507231015707402,6.126820772287643,5.942796829751563,0.13692885715624664,0.0933201459196358,10.669642857142858,0.3424429743391908,0.3424429743391908,6.108211136490553,5.883908641581634,0.13595794227183894,-0.006754751398722298,10.530434782608694,0.350482443372438,0.350482443372438,6.114326677648089,5.229890779248057,0.13588701188855395,0.07633185115011425,9.7744,0.3348116618162392,0.3348116618162392,6.103178583869676,5.291077760000001,0.1369584387566165,0.08072032468662037,11.388405797101452,0.347264463568317,0.347264463568317,6.114353152297849,6.19420079815165,0.13591055882454461,0.026063647143605543,10.441600000000001,0.33409896902499187,0.33409896902499187,6.110936275915845,5.3605145599999995,0.8837260034895424,1.6047120418848146,97.57591623036636,564.0052356020935,0.49739583333333304,0.8837260034895424,1.6047120418848146,97.57591623036636,564.0052356020935,0.49739583333333304,0.8850640745586263,1.6146788990825667,98.06946264744417,565.4560943643505,0.5960937499999995
Falla_1_1_2_crop-5..png,Clase1-Sano,0.1465866534890102,0.06685033228326001,10.304597701149426,0.3602930010330959,0.3602930010330959,5.942038267620744,5.52140672479852,0.14942239615526032,0.1064689599166688,9.950059453032102,0.393237577053255,0.393237577053255,5.913245718407492,5.567830890409892,0.145114658017247,0.09952135095418442,9.972413793103449,0.3598814459166611,0.3598814459166611,5.944901006129844,5.537284978200555,0.14599563343473176,0.10808947433523879,9.950059453032104,0.35108018403600294,0.35108018403600294,5.941713301857673,5.577947095991551,0.14820986368848316,-0.031041185595537653,11.528395061728393,0.3420921567750986,0.3420921567750986,5.921718932356444,5.590656912056089,0.14776112711810796,0.0837369930140883,10.313775510204081,0.36261792285198796,0.36261792285198796,5.928154230053668,5.628174133173678,0.14703024727510453,0.1232965624655288,9.92716049382716,0.37450577445615535,0.37450577445615535,5.9339784935712725,5.661641137021794,0.14860925542369272,0.026507215912101888,10.983418367346939,0.34921027427493145,0.34921027427493145,5.920610802658676,5.641242825255102,0.14849238868711293,-0.029951993595634933,9.857971014492753,0.3409868987550308,0.3409868987550308,5.901248520514955,4.785645872715816,0.15047232303649732,-0.06543600489581487,10.246400000000001,0.34791816410573156,0.34791816410573156,5.869169460510522,4.808547840000001,0.14649514516609713,0.1028938634993436,10.701449275362318,0.35859404100885495,0.35859404100885495,5.944039871455771,5.964427641251838,0.14931952317095043,-0.018795024193860886,9.860800000000001,0.34125095316837706,0.34125095316837706,5.860037814100332,4.83944256,0.881133347913988,1.601049868766402,103.86614173228332,558.7874015748024,0.7441406249999993,0.881133347913988,1.601049868766402,103.86614173228332,558.7874015748024,0.7441406249999993,0.8910714285705601,1.5688311688311667,106.41818181818168,579.6311688311681,0.7519531249999993
Falla_1_1_4_crop-5..png,Clase1-Sano,0.15448335727853352,0.024084769531682464,13.416091954022988,0.35779075391864196,0.35779075391864196,5.818534655811982,6.873594926674594,0.15484519099255048,0.04723638142443206,13.300832342449466,0.377313161123036,0.377313161123036,5.809709477188086,6.980132366061014,0.1534644186265457,0.05100701974775426,13.066666666666666,0.36295973324380504,0.36295973324380504,5.83931650170707,6.884490685691636,0.15797287076975167,0.10093617021276595,12.561236623067774,0.4082343497137834,0.4082343497137834,5.804582430073994,6.9857312722948866,0.15349408086582486,-0.02338060312362052,14.508641975308644,0.3697495774270848,0.3697495774270848,5.8274527732388925,7.08858558146624,0.158294362225738,0.0794192477498118,13.258928571428573,0.3959692855333252,0.3959692855333252,5.801080220410297,7.201393543705748,0.15614477862381423,0.0602831060981895,13.355555555555554,0.38697292952252454,0.38697292952252454,5.814917008400498,7.106159122085049,0.15494430503052084,0.02618505874900594,14.061224489795919,0.3796613613153951,0.3796613613153951,5.815430074395149,7.219659451790921,0.15323302930060811,-0.009960836034609923,11.278260869565214,0.35653659344332944,0.35653659344332944,5.804623733434801,5.583513967653854,0.15716691763854124,-0.002666880893520743,11.598400000000002,0.35411681006387924,0.35411681006387924,5.784725965187741,5.783775360000002,0.1523325605040106,0.07622758270810764,14.485507246376814,0.3691573737019406,0.3691573737019406,5.845579970560457,7.840409052720017,0.15461332413475884,0.0026286240285258587,11.6832,0.36776648060939954,0.36776648060939954,5.824011936383274,5.85699584,0.892033203966358,1.5472186287192735,112.56274256144876,583.0983182406202,0.7548828124999993,0.892033203966358,1.5472186287192735,112.56274256144876,583.0983182406202,0.7548828124999993,0.8987328178685379,1.5489690721649465,110.64175257731944,596.1211340206178,0.7578124999999993
Falla_1_1_8_crop-5..png,Clase1-Sano,0.14822461914151078,-0.06196186654257986,13.04367816091954,0.34210496354370007,0.34210496354370007,5.905635271656132,6.141311930241775,0.15222762824569036,0.07574185279291318,11.472057074910818,0.3728053317880224,0.3728053317880224,5.8783476718118575,6.2060892346889,0.15087930935971852,-0.002310917093519122,12.25402298850575,0.3585177066987796,0.3585177066987796,5.904505128666016,6.11288512353019,0.15266816300824687,0.07555025699125335,11.474435196195007,0.39229894763073514,0.39229894763073514,5.878141196136912,6.2060892346889,0.15164846361165363,-0.042666202272628316,13.140740740740743,0.3439360401195699,0.34393604011956985,5.886602745921405,6.301508916323732,0.14983580750523395,0.11417513906345275,11.349489795918368,0.35921818310337067,0.35921818310337067,5.893538341628068,6.406170280612244,0.15278245409977512,0.06845883222179272,11.751851851851853,0.37651426669096266,0.37651426669096266,5.894317332166762,6.307746913580248,0.14970545407568936,0.03989069215064783,12.289540816326532,0.35161777232450275,0.35161777232450275,5.88064432677832,6.400073781106832,0.15174196805341975,-0.034022861037186124,10.669565217391307,0.3615830933595266,0.3615830933595266,5.876155429830774,5.159250157529931,0.15242886865682628,-0.07740680945301369,11.398399999999999,0.3358814085867494,0.3358814085867494,5.837311940887277,5.28973824,0.1520876221870678,0.019250056617813573,13.371014492753623,0.37414685526739394,0.37414685526739394,5.888813616737305,6.816729678638942,0.15155302702354712,-0.10137656021096512,11.748800000000003,0.3654788999233005,0.36547889992330046,5.854368448956639,5.333688960000001,0.9014014014005196,1.5495495495495475,109.60231660231646,601.3835263835256,0.7587890624999993,0.9014014014005196,1.5495495495495475,109.60231660231646,601.3835263835256,0.7587890624999993,0.8801809041529686,1.6565389696169066,105.09247027741068,554.0277410832225,0.5914062499999996
Falla_1_4_6_crop-5..png,Clase2-Err1,0.1543956719502757,0.8313670065232719,53.1448275862069,0.39120331577051276,0.39120331577051276,5.840780316130541,157.575414189457,0.15256162393101824,0.701997310081704,96.82164090368609,0.40112475616913784,0.40112475616913784,5.893949614473944,162.4509512485137,0.15577787370925353,0.8277114520076615,54.263218390804596,0.37934363768099394,0.37934363768099394,5.831517232286888,157.477728563879,0.1531420555575655,0.7012867425403454,97.05588585017836,0.4080015871702841,0.4080015871702841,5.878338379887231,162.4566091836201,0.1485744894174455,0.5338137897075241,156.93456790123457,0.363197577900261,0.363197577900261,5.981025100102427,168.31747104099983,0.14864209482938753,0.46168746199486493,186.53061224489798,0.3796286262474277,0.3796286262474277,5.961485019157769,173.25493934818826,0.14726330404891277,0.5296224240894727,158.3098765432099,0.379407232215421,0.379407232215421,5.9588075970649035,168.27957437890564,0.14671139933174093,0.4663293687736044,184.92219387755102,0.35842050415658044,0.35842050415658044,5.980684138927577,173.25498449539256,0.14168844118956805,-0.0553096703932735,411.731884057971,0.3229938501579067,0.3229938501579067,6.0752822890077764,195.07633427851292,0.1406908667966759,0.035907324036300765,357.336,0.31820799281170187,0.31820799281170187,6.050777532704606,185.32243264,0.1441901531036287,-0.05936805729154347,303.27536231884056,0.33178770138178526,0.33178770138178526,6.0339525555950395,143.13975215290904,0.14254374767067127,0.04911608915759222,352.49760000000003,0.33420680421759535,0.33420680421759535,6.0427448895277704,185.35259456,0.8893131909485013,2.0271002710027073,108.49322493224918,554.8292682926822,0.41183035714285693,0.8893131909485013,2.0271002710027073,108.49322493224918,554.8292682926822,0.41183035714285693,0.8932286673049757,1.9704697986577153,107.91543624161059,565.4912751677845,0.41573660714285693
Falla_1_4_3_crop-5..png,Clase2-Err1,0.15038814448569293,0.8334878230211029,45.47701149425288,0.38494192896482143,0.38494192896482143,5.91132952756642,136.55761494252872,0.14905765613199934,0.7051420062706268,83.11771700356718,0.3789413981231845,0.3789413981231845,5.956842993488139,140.94533431549837,0.1509274625648659,0.8301541544387858,46.40919540229885,0.3974807985844495,0.3974807985844495,5.901484505617504,136.62152067644337,0.14870152978625442,0.7064665092895825,82.74435196195003,0.3904985020247894,0.3904985020247894,5.963736149283315,140.94533431549834,0.14414340266001402,0.5432293365484195,133.158024691358,0.350075179297045,0.350075179297045,6.018352806826937,145.76026367931715,0.14536619963762057,0.47900270506508436,156.59566326530614,0.37916339463980575,0.37916339463980575,6.030523814604737,150.2845262227978,0.14581757377777071,0.5392040399744146,134.57037037037037,0.38626738399007443,0.38626738399007443,6.007089936116126,146.01947721383934,0.1437766508261414,0.4815008997447883,155.8635204081633,0.37089818159592874,0.37089818159592874,6.015699510215794,150.30259486607147,0.13895293629324948,-0.0685512998407212,359.6057971014492,0.3123066936026643,0.3123066936026643,6.082316754658277,168.26791430371767,0.1418506256595296,0.02596940548053368,313.1984,0.308573347048734,0.308573347048734,6.038583136290777,160.77441600000003,0.13956002518672647,-0.04986672968046839,261.46521739130435,0.3294323597556504,0.3294323597556504,6.087720539193211,124.5230513547574,0.13978726694516924,0.04076813027807087,308.21439999999996,0.3126104873292232,0.3126104873292232,6.089693716278345,160.65688064,0.8948479103733507,2.02699055330634,105.37246963562738,565.4642375168684,0.4135044642857141,0.8948479103733507,2.02699055330634,105.37246963562738,565.4642375168684,0.4135044642857141,0.8799129474427869,2.0354706684856723,103.44201909959058,537.204638472032,0.4090401785714284
Falla_1_4_5_crop-5..png,Clase2-Err1,0.15216975660841756,0.8244560256007281,40.822988505747134,0.38984765165987556,0.38984765165987556,5.883747741301098,116.27567578279826,0.15071079791399006,0.698815261781942,72.22473246135553,0.39524115043039915,0.39524115043039915,5.911448802082865,119.90104958283908,0.15212416787646627,0.8238745938247893,40.926436781609205,0.39723069979273334,0.39723069979273334,5.870304450522659,116.18550006605894,0.1502127654214205,0.6989877977864621,72.18192627824018,0.39788371205277206,0.39788371205277206,5.8887646641764535,119.89867146155488,0.14639653803844482,0.5243290283393897,118.30493827160495,0.35084218034435055,0.35084218034435055,5.98507336141877,124.35585238530712,0.1451225713108522,0.46485222109478636,136.9362244897959,0.38454957057099665,0.3845495705709966,5.9931298791722805,127.94243934818824,0.14650841526871805,0.5248733166895344,117.8888888888889,0.38749387775130184,0.38749387775130184,5.960052289194485,124.06048010973936,0.1439038955834702,0.46324537397807847,137.390306122449,0.358177362731251,0.358177362731251,6.006615666016494,127.98241455383172,0.142799595334305,-0.07558064311743555,309.0130434782609,0.3136083544901081,0.3136083544901081,6.021119832380279,143.64940716236086,0.1429606938987077,0.029935719342824654,265.392,0.33122597993369624,0.33122597993369624,6.035769445413244,136.79093504000002,0.13990199708392206,-0.06001674955252057,224.41304347826085,0.3297797699064342,0.3297797699064342,6.054207285435074,105.85353654694391,0.14076363166670575,0.025255972855901702,266.7152,0.31236854855872104,0.31236854855872104,6.043569757158857,136.812944,0.88921954082315,2.04070556309362,105.26322930800528,553.963364993215,0.41127232142857123,0.88921954082315,2.04070556309362,105.26322930800528,553.963364993215,0.41127232142857123,0.8736758821977602,2.074380165289253,103.8622589531679,523.636363636363,0.4051339285714284
Falla_1_4_0_crop-5..png,Clase2-Err1,0.14775816243887865,0.8193839020607734,31.88850574712644,0.37170798280985934,0.37170798280985934,5.947693411854666,88.27703098163565,0.14610212187590293,0.7016006771197246,54.26634958382878,0.40307368711410857,0.40307368711410857,5.9914012852285,90.92907627944197,0.14735524593004748,0.8206455606274053,31.6632183908046,0.38544734174312034,0.38544734174312034,5.956527824596722,88.26996003435066,0.14352705709399674,0.7034829162805357,53.922711058263964,0.38008561881094066,0.38008561881094066,6.008759628677173,90.9268201040322,0.14269276583959617,0.5340534132364378,87.52716049382718,0.3486037299828211,0.3486037299828211,6.033459731425592,93.92402796829754,0.1393695550164121,0.47097494698512327,102.3188775510204,0.356582185864918,0.356582185864918,6.072495078540875,96.70513425395669,0.14012481643980584,0.5313527378631324,88.16296296296295,0.38789193840714226,0.38789193840714226,6.05757512740249,94.06110958695322,0.1386820429164805,0.47721763056935607,101.12627551020407,0.34771223567551846,0.34771223567551846,6.084961872975284,96.71928647894107,0.13755524371889344,-0.0443940548225583,226.28405797101453,0.30735542067474547,0.30735542067474547,6.113643110986437,108.33270111321156,0.1359952940362276,0.04717967453448014,196.1232,0.3206203527654567,0.3206203527654567,6.13801167873995,102.9172,0.13583816062181278,-0.027843956184017585,165.0463768115942,0.32042330089009236,0.32042330089009236,6.139265695142531,80.28766225582861,0.1351123976546934,0.04602386812101721,196.5104,0.3182277985267775,0.3182277985267775,6.143472178935501,102.99544896000002,0.9008673319009328,1.917771883289122,104.98938992042426,583.6870026525191,0.4207589285714284,0.9008673319009328,1.917771883289122,104.98938992042426,583.6870026525191,0.4207589285714284,0.8730828304683458,2.0771349862258925,100.44903581267204,522.6942148760323,0.4051339285714284
Falla_1_4_7_crop-5..png,Clase2-Err1,0.15256428831468236,0.836599557011466,52.30000000000001,0.38635112934485755,0.38635112934485755,5.886255429685624,160.0362858369666,0.15040794627209536,0.7125812018929188,94.91676575505352,0.3973750517130128,0.3973750517130128,5.92054008423087,165.1192726087651,0.15440422880853868,0.8335577795555479,53.29310344827586,0.4016847471088173,0.40168474710881724,5.8629894842190895,160.09490652662174,0.15146644459872707,0.7073946666809373,96.63258026159335,0.397484632098152,0.397484632098152,5.906552416719546,165.12443427718262,0.14715200074920223,0.5405155177746,157.0814814814815,0.3675183968941716,0.3675183968941716,6.0067806289076,170.93230300259103,0.14837917607870132,0.48306829921850997,182.00892857142856,0.381682034617884,0.381682034617884,5.990059957569204,176.0473659250052,0.1493316921328588,0.5497121701275305,153.80493827160495,0.37106496355732554,0.37106496355732554,5.921511763202174,170.7851379362902,0.14679177471829932,0.4772746441218994,184.04464285714286,0.3742217715001726,0.3742217715001726,5.998221637885373,176.04334741709184,0.1398982436935211,-0.0740993730111354,423.2782608695652,0.3242243411413951,0.3242243411413951,6.073363141301753,197.03868725057762,0.14553405099838318,0.04140565634813844,359.6304,0.3382209839556866,0.3382209839556866,6.017553338938347,187.58216256000003,0.14496738582578186,-0.023149078151185012,297.02463768115933,0.3428947273744956,0.3428947273744956,5.973273036974972,145.15217968914095,0.1432335156309444,0.0350110506849908,362.23519999999996,0.32673463751589177,0.32673463751589177,6.047480273319542,187.68878144,0.8885089782408577,2.005412719891743,106.62110960757767,554.2936400541264,0.4123883928571426,0.8885089782408577,2.005412719891743,106.62110960757767,554.2936400541264,0.4123883928571426,0.8790642165122714,2.016348773841959,106.80381471389632,536.6049046321518,0.4095982142857141
Falla_1_4_8_crop-5..png,Clase2-Err1,0.12610719844142476,0.8119138564265499,27.11379310344828,0.3822646245782389,0.3822646245782389,6.424642092128553,72.07812491742635,0.12410740350193988,0.6956405027384582,45.1640903686088,0.38640920619430164,0.38640920619430164,6.452070952646522,74.19530321046373,0.1257531150730984,0.8090968228658402,27.50459770114942,0.37551721595064314,0.37551721595064314,6.413508161400355,72.03808263971462,0.12365659000780337,0.6902495709093214,45.957193816884654,0.35794961645570395,0.35794961645570395,6.448875631748616,74.18422946466822,0.12050483151531212,0.5127188552112673,74.56172839506172,0.3586130146079927,0.35861301460799266,6.524519223577151,76.50791457094955,0.1181724237312959,0.4671445186512919,83.83418367346938,0.35158102291193316,0.35158102291193316,6.51912164722777,78.66502889421074,0.12155322582861833,0.5309647544067577,71.7962962962963,0.3627522525719284,0.3627522525719284,6.489396569960599,76.53614197530864,0.12253199248192695,0.447741135340847,86.84183673469389,0.3669615757655666,0.3669615757655666,6.473724207156606,78.62421256768012,0.11504635924838082,-0.09985728177596775,192.55797101449275,0.27422266353302216,0.27422266353302216,6.5689651909680125,87.5377079395085,0.11460959820189581,0.0722971235733399,154.8432,0.3033992166208679,0.3033992166208678,6.620925839545087,83.45516863999998,0.11588766841567424,-0.008873467419713347,132.09420289855075,0.31824127809442593,0.31824127809442593,6.565533505123978,65.4661893509767,0.12078145553022616,0.006429584549921383,165.3408,0.2948820957920247,0.2948820957920247,6.4847201899449525,83.205376,0.8733452055677189,2.016393442622948,82.72677595628404,526.9999999999993,0.4084821428571426,0.8733452055677189,2.016393442622948,82.72677595628404,526.9999999999993,0.4084821428571426,0.889735414128893,1.970390309555852,84.42934051143999,558.7227456258404,0.4146205357142855
Falla_1_4_2_crop-5..png,Clase2-Err1,0.15346441862654567,0.831274154322408,60.73218390804596,0.3935957359818138,0.3935957359818138,5.896266538161029,179.97297232131055,0.15266121707394048,0.7048727736977668,109.62663495838288,0.392735757519473,0.392735757519473,5.937846910967029,185.72775601210833,0.15433362053957828,0.8363800320608009,58.918390804597706,0.39735626650852446,0.39735626650852446,5.908329231325264,180.04645626899193,0.1511253508813374,0.7070654058540536,108.79904875148631,0.3995837262115595,0.3995837262115595,5.932251066796685,185.70536038717287,0.14912231154743347,0.5368089793332786,178.1135802469136,0.3704012738706065,0.3704012738706065,5.992797055607401,192.2679545800945,0.14797842503318503,0.47592112552750554,207.6862244897959,0.38368182114737204,0.38368182114737204,6.019306515085475,198.1440529336735,0.14665658609411228,0.5379438533932831,177.70617283950617,0.3738036332388566,0.3738036332388566,6.0101307081783855,192.2993278463649,0.14844220944873632,0.47127906677419756,209.5012755102041,0.38912647906753767,0.38912647906753767,6.035957031887033,198.1208444235475,0.13915685135688835,-0.06764652258967248,475.1884057971015,0.3032175852036572,0.3032175852036572,6.095217589246645,222.54013652593991,0.14224710893371437,0.043303889539855846,405.1312000000001,0.3185196256455246,0.3185196256455246,6.09384082463838,211.73452864,0.14172549651389055,-0.051911859496408294,343.73333333333335,0.322744385027135,0.322744385027135,6.07385686844213,163.38504515858014,0.1397689522032701,0.028229515430039473,411.4944,0.3100826431120313,0.3100826431120313,6.101768416662205,211.72406784,0.8770902723558133,2.0382513661202157,104.79781420765012,532.3770491803272,0.4084821428571426,0.8770902723558133,2.0382513661202157,104.79781420765012,532.3770491803272,0.4084821428571426,0.8758532562536391,2.057613168724277,105.17832647462262,528.6406035665287,0.40680803571428553
Falla_1_4_9_crop-5..png,Clase2-Err1,0.15910097203479862,0.8295969727983892,50.268965517241384,0.3876156642905022,0.3876156642905022,5.735042823240292,147.50021270973716,0.15693798765180894,0.7084368810467357,88.75029726516053,0.41291401503267305,0.41291401503267305,5.778282676858508,152.197399972571,0.16009229072963993,0.8372475719256142,48.04482758620691,0.41355143852169024,0.41355143852169024,5.742343372639553,147.60095488175452,0.1579549696539946,0.7075979010729857,88.99524375743162,0.4147110611034205,0.41471106110342043,5.780920091374362,152.17955699361355,0.1526552070983153,0.5280315958075356,148.66419753086416,0.3678103000563995,0.3678103000563995,5.85312638574162,157.49380277396736,0.15067765676236447,0.47137015959185635,171.65178571428572,0.38535068091884744,0.38535068091884744,5.885143088618883,162.3553691007653,0.1516836366293159,0.539058871928376,145.35555555555555,0.39204053865707433,0.39204053865707433,5.891628131681236,157.67258192348726,0.1531701355717569,0.4666050338873181,173.18494897959184,0.3786452066004586,0.3786452066004586,5.883834810086332,162.34212917469287,0.14606797668285926,-0.08574094331569394,395.46376811594195,0.30818352529736154,0.30818352529736154,5.938938391255847,182.1170006301197,0.14422205101855956,0.03134159217654706,335.5952,0.3268538638590759,0.3268538638590759,5.947998657696567,173.22680384000003,0.14618296821941165,-0.04019705314543323,279.10724637681164,0.324779631925539,0.324779631925539,5.949657773509033,134.16075614366727,0.14762980728836572,0.033467211203102566,334.8464,0.3207581362942773,0.3207581362942773,5.959992241183876,173.22040384,0.8810806068450552,2.013605442176868,108.82857142857128,540.2870748299313,0.4101562499999998,0.8810806068450552,2.013605442176868,108.82857142857128,540.2870748299313,0.4101562499999998,0.8831808916636371,2.062841530054642,109.14480874316925,541.478142076502,0.4084821428571426
Falla_1_4_4_crop-5..png,Clase2-Err1,0.14379076047596398,0.8248887798985665,57.144827586206894,0.34222488533265777,0.34222488533265777,6.02367500052825,163.16723609459638,0.14076439178140734,0.6977596285631077,101.769322235434,0.36297907109619687,0.36297907109619687,6.085677885626894,168.35825365024652,0.14284355294626191,0.8277258434585638,56.202298850574714,0.37126209999662824,0.37126209999662824,6.024706277910179,163.11877526753867,0.14151320377466672,0.6988825724381527,101.39595719381688,0.37167228592203094,0.37167228592203094,6.087129847957057,168.3661387765259,0.13939960968819956,0.5254701297831037,165.52592592592597,0.3385203080274586,0.3385203080274586,6.09949885079559,174.41043895747603,0.13653918210802665,0.45867141141632445,194.5625,0.35582169517650003,0.35582169517650003,6.131383393937577,179.70831774195648,0.13770828815334268,0.5174415160826049,168.07407407407408,0.3636722010116358,0.3636722010116358,6.134596574257494,174.14891632373113,0.13483958858638578,0.46235827966609444,193.21938775510205,0.33643516588946076,0.33643516588946076,6.147789342325034,179.69158683881716,0.1326898460813716,-0.0896668113932615,440.37536231884053,0.291124781178554,0.291124781178554,6.208704876193742,202.06881484982145,0.13183262115273292,0.008936292868279313,381.14880000000005,0.2961012087516424,0.2961012087516424,6.219343201749463,192.29278464,0.13648988828123707,-0.07930532059493658,319.92173913043484,0.33390357983920615,0.33390357983920615,6.183413420706832,148.20724637681158,0.13223010247292405,0.016641823069282517,378.048,0.28729788669721434,0.28729788669721434,6.194039847912925,192.22294015999998,0.90876517273487,1.8352941176470563,104.12156862745084,604.3019607843129,0.42689732142857123,0.90876517273487,1.8352941176470563,104.12156862745084,604.3019607843129,0.42689732142857123,0.8874847990262728,1.9516129032258038,101.11827956989234,555.8225806451605,0.41517857142857123
Falla_1_4_1_crop-5..png,Clase2-Err1,0.1450782359402431,0.8262484922982989,40.459770114942536,0.3805198143536931,0.3805198143536931,6.022170010384536,116.42998282467963,0.1443546064593892,0.7047172522778293,70.92033293697978,0.38444064271474143,0.38444064271474143,6.042980307961441,120.0888529452933,0.14657087997412005,0.8234843675994223,41.05747126436782,0.39217737076914727,0.39217737076914727,6.008571692368823,116.29981635618972,0.14236239272003412,0.7030859839049411,71.31510107015458,0.36400014229127203,0.36400014229127203,6.070091131627725,120.09386085586917,0.14383378355968937,0.5236050568692295,118.58271604938273,0.3693005206173628,0.3693005206173628,6.081027160159721,124.45841182746531,0.13962322213258038,0.4623173397325557,137.69260204081633,0.36934883608528163,0.36934883608528163,6.122464197454834,128.04262831567578,0.14489746412722843,0.5252031503173543,117.81358024691359,0.39885127426258504,0.39885127426258504,6.087612899500998,124.06735672915713,0.13874361878456273,0.4675275226113985,136.36607142857144,0.3551192019376289,0.3551192019376289,6.145403143708289,128.04987789918263,0.13721124996206424,-0.09384326174156303,315.11304347826086,0.3092316931534555,0.3092316931534555,6.184377906020357,144.0393950850662,0.1348041542386584,0.0090716498094966,271.9952,0.30440853468332685,0.30440853468332685,6.178334507852423,137.24261696,0.13680883072620453,-0.052455314981686575,222.74637681159422,0.3222507003756234,0.3222507003756234,6.18186429211795,105.82224900231046,0.1334777884144025,0.03201730775740505,265.69759999999997,0.312829063482784,0.312829063482784,6.175889932166598,137.24294976000002,0.8809297129802247,2.0767123287671203,99.20821917808205,536.7726027397252,0.40736607142857123,0.8809297129802247,2.0767123287671203,99.20821917808205,536.7726027397252,0.40736607142857123,0.880876381559518,2.0574555403556745,100.69357045143624,537.4158686730499,0.40792410714285693
Falla_1_6_8_crop-5..png,Clase3-Err2,0.17134534843922994,0.8816931735444155,47.24942528735631,0.40768055389783814,0.40768055389783814,5.9838799308554,199.69018991940806,0.1655636184975543,0.7876048126593247,87.26991676575504,0.4073945196307774,0.4073945196307774,6.054978927701327,205.44231217861073,0.17123736576462256,0.8772287801777227,49.05632183908046,0.41423402694731404,0.41423402694731404,5.989626745998531,199.7875475624257,0.16488974497929912,0.7886277221960435,86.84423305588584,0.39997615142186765,0.39997615142186765,6.061813081109525,205.42957183919822,0.15734082348697237,0.6721753534364132,138.65185185185186,0.38570639477914337,0.38570639477914337,6.128262467826124,211.47258649596097,0.15274467692398672,0.6001549809337638,173.91964285714283,0.3744554924265358,0.3744554924265358,6.177920837946336,217.4838181844804,0.15493704195075472,0.6649964880585749,141.85185185185185,0.3749198056888594,0.3749198056888594,6.181431874110811,211.71696235329978,0.1519142827121982,0.6009110132156086,173.47193877551018,0.3752920319218799,0.3752920319218799,6.167217302168953,217.33491090951685,0.13143337551443254,0.2315918858152803,368.79420289855074,0.292599738539271,0.292599738539271,6.314315685066416,239.97287124553665,0.12882235830786518,0.15566351394766795,422.54240000000004,0.26325388927511306,0.26325388927511306,6.291994281739845,250.22156864,0.13061179615121227,0.3109290147724972,295.3231884057971,0.326474503660967,0.326474503660967,6.334524131981594,214.29083123293424,0.12776979298723154,0.15882135014388662,420.3568,0.2864108485879107,0.2864108485879107,6.324612265337391,249.86178624,0.8923217684078508,3.4028985507246325,86.63768115942017,524.5362318840572,0.245028409090909,0.8923217684078508,3.4028985507246325,86.63768115942017,524.5362318840572,0.245028409090909,0.8868526303488745,3.361271676300573,87.13005780346808,517.2745664739876,0.2457386363636363
Falla_1_6_1_crop-5..png,Clase3-Err2,0.17478635771017917,0.8839789273999737,55.88850574712643,0.41429192527323094,0.41429192527323094,5.901552015107585,240.85497787026026,0.1687062939592362,0.7887344760943346,104.68489892984542,0.4132261587957022,0.4132261587957022,5.999853761064062,247.7567020745644,0.17558952662450947,0.8826808633829714,56.52988505747126,0.414128524237952,0.414128524237952,5.919020916872212,240.92354703395432,0.16948181500686643,0.7902371975662817,103.935790725327,0.4168417360657285,0.4168417360657285,5.964958937428398,247.7460005287856,0.16061486414134532,0.6700574457582037,168.55308641975307,0.368933829806625,0.368933829806625,6.077058054710999,255.4279286694101,0.156384001265246,0.5974107387635057,211.08801020408168,0.3878557060337793,0.3878557060337793,6.127239714195577,262.1629915757758,0.16136751745528422,0.6709396885612486,167.93950617283954,0.3914260634926691,0.3914260634926691,6.070244423121633,255.18043400396286,0.15745707221918215,0.6020808181027508,208.6926020408163,0.3905277985575011,0.3905277985575011,6.116999011661449,262.2298842767336,0.13540839609274294,0.21941651362834527,452.8666666666666,0.31395393046008946,0.31395393046008946,6.24039330293321,290.08214660785546,0.1358728817682174,0.1379612452421877,520.1167999999998,0.3043163764988823,0.3043163764988823,6.183157198029715,301.67831615999995,0.13614320271174934,0.31344566311214506,353.65507246376814,0.3432405637088925,0.3432405637088925,6.250120475404276,257.55796261289646,0.13630553913909738,0.15228247714477414,511.85440000000006,0.30705624507417273,0.30705624507417273,6.225349925026444,301.90150976000007,0.8925073243246328,3.367965367965363,90.47186147186135,526.4574314574306,0.24609374999999992,0.8925073243246328,3.367965367965363,90.47186147186135,526.4574314574306,0.24609374999999992,0.8894340722162212,3.4078374455732896,89.51378809869362,519.313497822931,0.2446732954545454
Falla_1_6_6_crop-5..png,Clase3-Err2,0.18493070549350157,0.8879688440779392,92.03678160919539,0.4374107677945493,0.4374107677945493,5.6766421594055325,410.7642238076364,0.1787134806730083,0.7922543976224924,175.44708680142685,0.42913746349760606,0.42913746349760606,5.718693859986,422.26426165837904,0.1865684017445836,0.8879907214850107,91.9425287356322,0.4568247710814027,0.4568247710814027,5.636161173820924,410.4237164750957,0.1791026909275884,0.7911706486827786,176.35909631391203,0.4426603255351375,0.4426603255351374,5.709058299915502,422.2564864601198,0.170779166025132,0.6728258799194304,285.34320987654314,0.4093531408870253,0.4093531408870253,5.808581820344932,436.07240359701257,0.1672743005930692,0.6029820640374983,355.34948979591843,0.42162907302980085,0.42162907302980085,5.840956912787105,447.5232194918785,0.1707947835880805,0.6740311193580761,283.6432098765432,0.42605831068247424,0.42605831068247424,5.796070004646955,435.07712962962967,0.16699444115825912,0.6004150791347503,357.61607142857144,0.4136916082912544,0.4136916082912544,5.840209927786408,447.4844429241722,0.14673152601516173,0.22396332061191115,769.7492753623188,0.3337117893467404,0.3337117893467404,5.967041816876359,495.9490290905272,0.14585033424713156,0.15193683377163175,874.9295999999999,0.30257484011308156,0.30257484011308156,5.959787398491221,515.83987776,0.14923314444508026,0.315264548489309,602.3318840579711,0.3573950607025979,0.3573950607025979,5.927938539075605,439.8281721277043,0.14689097998175385,0.14671610021273632,880.5216000000003,0.3212291449271837,0.3212291449271837,5.941422219282019,515.9605145600001,0.8815915707282663,3.406113537117899,99.63173216884992,506.52547307132386,0.2439630681818181,0.8815915707282663,3.406113537117899,99.63173216884992,506.52547307132386,0.2439630681818181,0.8688418786066594,3.553571428571423,97.8898809523808,479.4940476190469,0.23863636363636356
Falla_1_6_0_crop-5..png,Clase3-Err2,0.1772557651779192,0.878006939294146,46.340229885057475,0.4161221272539713,0.4161221272539713,5.848045270486288,189.92977804201348,0.17069544299573233,0.7839957257806851,84.3769322235434,0.4227269505206744,0.4227269505206744,5.912870108176989,195.31310787367397,0.17680798870487702,0.8779427388538976,46.45172413793104,0.4305100155861049,0.4305100155861049,5.888458378851051,190.28660688333994,0.1718717133344603,0.7840870453537826,84.34126040428062,0.41513222302151376,0.41513222302151376,5.906805483271288,195.31310787367397,0.16283665138504155,0.6733720702000444,131.66666666666666,0.38894154761679184,0.38894154761679184,5.992710980511889,201.55451303155007,0.15885607807128937,0.5972720588830618,166.54591836734693,0.391216197097798,0.391216197097798,6.019331733412282,206.77224170918367,0.16262591407481594,0.6689442480701516,133.4123456790124,0.40281582149727285,0.40281582149727285,5.998994481645777,201.4952842554489,0.15868444003678367,0.6030014769562344,164.21045918367346,0.3976627136534384,0.3976627136534384,6.0404242749005155,206.8149497442472,0.13817227435236762,0.2269443129302358,353.5782608695652,0.3101973213180801,0.3101973213180801,6.170671531367858,228.6887392354547,0.1371947520862223,0.14849811486629536,404.65920000000006,0.29537768257276853,0.29537768257276853,6.16362206048237,237.614976,0.13634361745451787,0.31059158901676664,280.5420289855073,0.34061887933822754,0.34061887933822754,6.188288716541159,203.46577189666033,0.13577392975089142,0.15722242383346233,400.8752,0.2899891756814028,0.2899891756814028,6.186593281584374,237.82977343999997,0.8839662732736093,3.469985358711561,91.03513909223999,507.40702781844726,0.24254261363636356,0.8839662732736093,3.469985358711561,91.03513909223999,507.40702781844726,0.24254261363636356,0.8783633090841028,3.5081001472753996,90.23122238586143,496.8674521354926,0.241122159090909
Falla_1_6_4_crop-5..png,Clase3-Err2,0.1852875702346103,0.8871597196235843,89.77126436781609,0.44823109703307984,0.44823109703307984,5.669087810496626,397.78022559122735,0.17952453168031016,0.7904066511160485,171.46016646848994,0.44209484526390436,0.44209484526390436,5.739991767900273,409.0305522133354,0.18463040605778408,0.8873102551943017,89.60344827586206,0.43887343859665084,0.43887343859665084,5.682672134316454,397.56700323688733,0.1792052856167423,0.7914002902449249,170.62663495838288,0.445120746735292,0.445120746735292,5.738964637046655,408.9809980050362,0.16932043630611054,0.6761841847436951,273.3160493827161,0.39043061475534635,0.39043061475534635,5.857153004983487,422.0239353757049,0.16651882195532558,0.6039881348926376,343.09566326530614,0.3840379314634932,0.3840379314634932,5.860935500738645,433.18861566469707,0.17037931627971364,0.6737167715487341,274.97407407407405,0.41090720033737865,0.41090720033737865,5.839919964103418,421.37328875171465,0.1676289272691105,0.6033017801551409,343.58673469387753,0.39303105631721136,0.39303105631721136,5.869535767528029,433.0580747605163,0.1452966314513558,0.22554917146334297,742.7217391304348,0.31820794567063054,0.31820794567063054,6.017412981057808,479.51510396975425,0.14744761781731164,0.1473528168527683,850.1328,0.3264198237971043,0.3264198237971043,5.9718454357612165,498.52554304,0.14498911735157427,0.3149063131673883,583.6347826086956,0.3443364148221203,0.3443364148221203,6.0181643846282045,425.9525330812855,0.1484512041042443,0.15137837014510325,845.1696000000002,0.3202023398806111,0.3202023398806111,5.936577102073608,497.96609600000005,0.8610546642891236,3.6561085972850624,92.55354449472082,463.65460030165843,0.23544034090909083,0.8610546642891236,3.6561085972850624,92.55354449472082,463.65460030165843,0.23544034090909083,0.8804871401228452,3.480176211453739,97.19383259911879,501.1615271659317,0.2418323863636363
Falla_1_6_3_crop-5..png,Clase3-Err2,0.17633285343769528,0.8794689285714841,43.242528735632185,0.4197143052805703,0.4197143052805703,5.913331137288074,179.3833250759678,0.16931906234919122,0.7875181424799587,78.359096313912,0.4289986476661223,0.4289986476661223,5.9809925236321355,184.3900868254626,0.17691630520138366,0.8807184829688418,42.80574712643678,0.42138572323486995,0.42138572323486995,5.900466961880302,179.43160093803675,0.1686643855986037,0.7882229795302531,78.09274673008322,0.42341629320192475,0.42341629320192475,5.953592617911534,184.37493019040522,0.16221536336666148,0.6604371650963996,128.9641975308642,0.38470295453240055,0.38470295453240055,6.031834527295408,189.89739788142055,0.1604356590263326,0.5991704501261834,156.23214285714283,0.4005204922857135,0.4005204922857135,6.042745169907374,194.8860094101416,0.16041070972140292,0.6767033241982087,122.71234567901237,0.4016610124014516,0.4016610124014516,6.079077192961619,189.78287570492307,0.15706653576635174,0.6004040399013076,155.70153061224488,0.369344791598025,0.369344791598025,6.084986760500213,194.8237046412953,0.13840390013116896,0.21426179471404544,338.5159420289855,0.30192014982819293,0.30192014982819293,6.193554488766248,215.41267800882167,0.13545301768509999,0.13203231104196833,389.0272000000001,0.3041961705684653,0.3041961705684653,6.172970717857654,224.10235136,0.13406776305796766,0.3225539971362989,259.93768115942026,0.32162211544766933,0.32162211544766933,6.285296034897536,191.8512177063642,0.13572206894974745,0.15712861543312134,376.59680000000003,0.3201542923907905,0.3201542923907905,6.209445208915552,223.40110656,0.8842601782003634,3.4148471615720473,90.65356622998532,510.3508005822409,0.2439630681818181,0.8842601782003634,3.4148471615720473,90.65356622998532,510.3508005822409,0.2439630681818181,0.8827840258244007,3.5257731958762832,88.54933726067733,503.16789396170765,0.241122159090909
Falla_1_6_5_crop-5..png,Clase3-Err2,0.17691630520138366,0.8851557054944386,80.73103448275862,0.424184046769349,0.424184046769349,5.834418854248997,351.4803884264764,0.17099543703641895,0.7858120627877667,154.82520808561236,0.43558366128122666,0.43558366128122666,5.877872343769593,361.4237339897438,0.1779717200803778,0.8810500168577893,83.56551724137931,0.41541400276609075,0.41541400276609075,5.805527945019367,351.26325802615935,0.17159797145659889,0.785425222844024,155.08561236623063,0.43600837169334994,0.43600837169334994,5.883484312487104,361.37894309333916,0.1616364831655858,0.6720760159073331,244.89629629629633,0.3741295854056836,0.3741295854056836,5.978537834409425,373.4040634049687,0.16007780103569377,0.5972068811361647,308.2946428571429,0.40868374817399333,0.40868374817399333,5.965591935790624,382.69601492542176,0.16392811834319057,0.6620218874095734,251.6851851851852,0.40720471419088294,0.40720471419088294,5.972808460045591,372.3394737844841,0.16053450018512416,0.5963574771797263,308.91454081632656,0.40257396624851843,0.4025739662485184,5.9654082972742195,382.65856959014474,0.13790980252175697,0.2326038941166025,654.163768115942,0.29750262129196586,0.29750262129196586,6.146523788352216,426.22301774837223,0.13849476524403365,0.15248448626601022,750.1887999999999,0.28860197749384014,0.28860197749384014,6.117534787823953,442.58116095999986,0.13858210183786526,0.29275532487492506,532.7101449275362,0.3350461823369927,0.3350461823369927,6.1225304106192695,376.6095127074144,0.13873024183645036,0.1423813167698951,759.5568,0.3051712446162141,0.3051712446162141,6.11060819783082,442.82897216,0.8860172846013253,3.399129172714073,93.02322206095778,514.1291727140776,0.2446732954545454,0.8860172846013253,3.399129172714073,93.02322206095778,514.1291727140776,0.2446732954545454,0.8991481769250739,3.28490028490028,95.75498575498561,542.1851851851844,0.24928977272727265
Falla_1_6_9_crop-5..png,Clase3-Err2,0.1817400954119759,0.8864781378348533,73.37586206896553,0.4387315985697523,0.4387315985697523,5.6957470190103585,323.1794328841328,0.17470089114843113,0.7932396503052399,137.410225921522,0.41855546881852373,0.41855546881852373,5.770739351117022,332.2934646908372,0.1823261709318911,0.889130958248852,71.69425287356322,0.4644183025218124,0.4644183025218124,5.708990387233592,323.32854934601664,0.17532294946892826,0.7940038706622528,136.89536266349586,0.4378408057733259,0.4378408057733259,5.757809472469504,332.2765410777329,0.16910651273830524,0.6707341815592418,225.56913580246913,0.41173479418712916,0.41173479418712916,5.844425035422103,342.5334838439262,0.1647063516316389,0.6045482658921097,278.2130102040817,0.42130910758990653,0.42130910758990653,5.882503431063013,351.76607687877447,0.16692252879803932,0.6758206080216832,222.0172839506173,0.4335124916237659,0.4335124916237659,5.858326746214811,342.4296692577351,0.16544060651373296,0.6072184840937692,276.30102040816325,0.41417181871009184,0.41417181871009184,5.878760271399793,351.7235526863807,0.14626915254539286,0.21625013983897637,609.4449275362318,0.34252141949138315,0.34252141949138315,5.999226831470491,388.8006611006091,0.14357269935471714,0.14011020094041515,695.0527999999999,0.3264975523981438,0.3264975523981438,6.007555167619617,404.15225344,0.14151415119502292,0.31353265041673384,475.03768115942034,0.3579201612712639,0.3579201612712639,6.047237294437322,346.0016572148708,0.14293383084490527,0.1520353706902506,686.2815999999998,0.3200140549902014,0.3200140549902014,6.029589765913654,404.66404863999986,0.8779775939863532,3.54142011834319,93.50887573964484,494.4585798816561,0.2400568181818181,0.8779775939863532,3.54142011834319,93.50887573964484,494.4585798816561,0.2400568181818181,0.8502089810810534,3.748851454823884,90.9264931087288,443.9249617151601,0.23188920454545447
Falla_1_6_7_crop-5..png,Clase3-Err2,0.18355029859743285,0.8829371771949768,69.01149425287356,0.42728675928505855,0.42728675928505855,5.714646124195338,294.76264367816094,0.17805364252578812,0.7901470627320115,127.19857312722951,0.4178075011020021,0.4178075011020021,5.795351009586952,303.0659822616471,0.18438515697966054,0.8876518249952192,66.17701149425287,0.43399907228471346,0.43399907228471346,5.7092113482786395,294.5175188267935,0.17700037363944832,0.7895195003135518,127.58620689655172,0.4260396455787867,0.4260396455787867,5.794407404969299,303.0832003121814,0.16857390669372607,0.6701876974204684,206.1345679012346,0.4101533969664507,0.4101533969664507,5.8824513141019175,312.5028482700808,0.1647063516316389,0.6057446926942276,252.93239795918367,0.3912468648252333,0.3912468648252333,5.925308614568363,320.77234379880775,0.17004576340558197,0.671716820784733,204.79506172839507,0.40367277387258416,0.40367277387258416,5.851078545013329,311.91829903978055,0.16513054813675962,0.6031307425898312,254.6020408163265,0.38776154859163126,0.3877615485916312,5.9304120708446995,320.76311790660145,0.142272786905015,0.22366280123333254,551.5753623188406,0.323516305651436,0.323516305651436,6.090707969077722,355.2421313799622,0.14165648590869395,0.1556185528648915,623.3072000000002,0.2825297876876024,0.28252978768760234,6.077154197230806,369.09100864000004,0.14541945500998182,0.31657513308856566,431.17101449275367,0.33264362691497174,0.33264362691497174,6.031329287026208,315.44873135895824,0.1401758895102863,0.14993419668902214,628.0336,0.29464688800518957,0.29464688800518957,6.084153902226596,369.40293184,0.8777910194999121,3.5155096011816784,96.33530280649912,495.04135893648373,0.24041193181818174,0.8777910194999121,3.5155096011816784,96.33530280649912,495.04135893648373,0.24041193181818174,0.8770127748060379,3.4735294117647006,96.80588235294103,495.7147058823522,0.24147727272727265
Falla_1_6_2_crop-5..png,Clase3-Err2,0.17658367467121946,0.8879790786419169,79.06781609195403,0.44430657344049473,0.44430657344049473,5.867317091319515,352.91539800502045,0.1686580984463498,0.7912296981462865,151.56837098692034,0.4250184106442578,0.4250184106442578,5.960553522456191,363.002710733075,0.1757982004074038,0.8887089347448984,78.72758620689655,0.4376641015296068,0.4376641015296068,5.896965949532304,353.70128781873433,0.17020189276107067,0.7926645534608113,150.53626634958383,0.44567625452276577,0.44567625452276577,5.952462823486515,363.02588115614583,0.16311253891272828,0.6702549192596439,246.84444444444443,0.41033637723322014,0.41033637723322014,6.035729047294454,374.29587105624137,0.15734595856519903,0.6034155697860032,304.92602040816325,0.3990152811907065,0.3990152811907065,6.058933849424421,384.44023160922524,0.15963206437374397,0.6775519632472159,242.1197530864198,0.40693732331257215,0.40693732331257215,6.060614593647678,375.4399554183813,0.1556436067426694,0.6051243116547266,303.6811224489796,0.3870095478104381,0.3870095478104381,6.104590418218544,384.52749993492296,0.13781458066236024,0.21323230534823234,667.9826086956521,0.3140430087405631,0.3140430087405631,6.174295836115744,424.51069943289224,0.13549081149657347,0.14189835834574083,760.6271999999999,0.3147442611543473,0.3147442611543473,6.2186726427807315,443.20344064,0.13503949339473803,0.3211714895115285,515.927536231884,0.35568402132317356,0.35568402132317356,6.245504040693435,380.0131611006091,0.13459509649314866,0.15693105337409569,747.6976,0.29251087405037124,0.29251087405037124,6.227508876196566,443.43799104,0.880658048917102,3.4860499265785556,88.41556534508064,501.3465491923634,0.2418323863636363,0.880658048917102,3.4860499265785556,88.41556534508064,501.3465491923634,0.2418323863636363,0.877299586096808,3.5502958579881603,86.72189349112413,493.3964497041413,0.2400568181818181
Falla_1_10_4_crop-5..png,Clase4-Err3,0.403378682146441,0.9028349067181499,102.79655172413793,0.6016740679223197,0.6016740679223197,4.573183805806921,528.9788145725988,0.39427985074110594,0.8121339751303652,200.48275862068965,0.5781330939285341,0.5781330939285341,4.694643056253402,533.5790725326992,0.4025163615603978,0.9051202264523905,100.51379310344828,0.5993510377571519,0.5993510377571519,4.618355761263198,529.6903088254722,0.3950796014943699,0.8129691000388355,199.54458977407847,0.6076620344053745,0.6076620344053745,4.664318762971393,533.4535357941186,0.38475957809657224,0.8018285220334231,210.59382716049382,0.5722544862825616,0.5722544862825616,4.766440910302535,531.3424245541838,0.3783591994780282,0.716285810158923,303.54974489795916,0.5504613757857677,0.5504613757857677,4.799734547838655,534.9569316007653,0.3849318571833102,0.8020919824177629,210.6864197530864,0.5843044563696069,0.5843044563696069,4.755097375233409,532.2836899862826,0.37842154364120856,0.7140268583114747,306.0114795918367,0.5634257616210986,0.5634257616210986,4.783335864889029,535.0353494474958,0.34334217324865135,0.5566748907545759,477.05797101449275,0.48300555122819966,0.48300555122819966,4.9518661651462486,538.0452867044738,0.32845237097637153,0.41689670655367034,630.1696,0.4629304231148298,0.4629304231148298,4.988808419519993,540.358464,0.34312646327012036,0.5418592488376429,492.1724637681159,0.49936897693915777,0.49936897693915777,4.954394214853016,537.1411105860113,0.3299784235370549,0.3710659086587974,681.4272,0.4520011215627082,0.4520011215627082,4.944479141575494,541.7318041599999,0.8587084047601979,15.767151767151734,65.0374220374219,337.35343035342964,0.09888980263157893,0.8587084047601979,15.767151767151734,65.0374220374219,337.35343035342964,0.09888980263157893,0.8625859637006814,15.697722567287752,66.45341614906818,342.3250517598336,0.09930098684210524
Falla_1_10_7_crop-5..png,Clase4-Err3,0.40263942890713267,0.8995215817648433,66.51379310344828,0.588128609871456,0.588128609871456,4.611108018506311,330.9854706698376,0.39441161214321013,0.8125325069469136,125.31510107015458,0.5823825478550559,0.5823825478550559,4.706776663132752,334.2315487055357,0.40231280763966526,0.904460108771132,63.34367816091954,0.5874515447665677,0.5874515447665677,4.644065450649127,331.50382183908044,0.3953550641630616,0.8116346424042422,125.89179548156956,0.6124260187539858,0.6124260187539858,4.680603999479296,334.1691834645636,0.3850427086923563,0.7981673702336407,134.3469135802469,0.5675088009233209,0.5675088009233209,4.75644902140818,332.817626505106,0.37833447394788927,0.7170430342069072,189.8622448979592,0.5556693790554297,0.5556693790554297,4.80151232421283,335.49667944346106,0.38520200184879466,0.8010732354054271,132.45185185185184,0.5931152889333722,0.5931152889333722,4.762910297660593,332.91611644566376,0.3782549112768261,0.7134671004245836,192.375,0.5521206157087666,0.5521206157087666,4.8094643946287325,335.6944355867347,0.34272527995076213,0.5507757622396452,302.3072463768116,0.4906057215719165,0.4906057215719165,4.971778326080655,336.4769985297206,0.3287036355138166,0.4179731219651197,395.15840000000003,0.4594946104655647,0.4594946104655647,4.9841894200716395,339.46748415999997,0.34300554519244475,0.5430208338116166,306.9840579710145,0.4997470100757274,0.4997470100757274,4.98674605563889,335.8840847511027,0.330249844814498,0.3676197235569811,430.03839999999997,0.44770124263872013,0.44770124263872013,4.951650804489137,340.01566463999995,0.8800305688454941,15.248484848484816,65.29898989898976,367.6424242424235,0.10176809210526314,0.8800305688454941,15.248484848484816,65.29898989898976,367.6424242424235,0.10176809210526314,0.8741878669850053,15.393075356415446,64.97148676171066,359.03665987779965,0.10094572368421051
Falla_1_10_5_crop-5..png,Clase4-Err3,0.40335821112140424,0.9074609533441917,106.14597701149425,0.5928342952407069,0.5928342952407069,4.590248243380085,573.5199402166733,0.39494090312745606,0.818282944643393,210.307966706302,0.57244004970621,0.57244004970621,4.707975153223794,578.6687614257982,0.4031288646205942,0.9070757432142911,106.5816091954023,0.6121544939364235,0.6121544939364235,4.602616593327316,573.486476416964,0.39485408000984085,0.818086617415265,210.538644470868,0.582119484958628,0.582119484958628,4.69616344854768,578.678273910935,0.38560142910092554,0.8057947465420565,224.16419753086421,0.5770169998353563,0.5770169998353563,4.744852658903812,577.1321669714982,0.3790122285876699,0.7235041908719202,321.40943877551024,0.5430300541017002,0.5430300541017002,4.797216767081904,581.2193678252552,0.3857071487183945,0.8057251245007576,223.86543209876544,0.5728722742449591,0.5728722742449591,4.733384543561978,576.1564163237312,0.3788630333543803,0.7203033179392109,325.14923469387753,0.542451371073165,0.542451371073165,4.792475365565718,581.2532924920606,0.34407243904478746,0.5518938458834808,522.1000000000001,0.5049311458049288,0.5049311458049288,4.939999821309465,582.5628539172443,0.33057719219571097,0.4254077263311389,675.192,0.47134800565473317,0.47134800565473317,4.9426266849415414,587.54009664,0.34426010203535373,0.5500479959886713,523.772463768116,0.48886450648384605,0.48886450648384605,4.922511914052217,582.0314823566478,0.3321474371420018,0.37259291769828196,739.4672000000002,0.4420959674696502,0.4420959674696502,4.882614917079878,589.3041542400001,0.8680638281222701,15.58847736625511,66.66666666666653,349.6378600823038,0.09991776315789472,0.8680638281222701,15.58847736625511,66.66666666666653,349.6378600823038,0.09991776315789472,0.8406652976005324,16.11016949152539,64.665254237288,315.24576271186373,0.09703947368421051
Falla_1_10_3_crop-5..png,Clase4-Err3,0.401518948469003,0.8920424721748655,41.03908045977011,0.597859604981671,0.597859604981671,4.785522841804221,190.07049015722023,0.393680542724805,0.7972931751032526,77.52913198573124,0.5751334400827313,0.5751334400827313,4.85445096569615,191.23463658715556,0.40109425566682033,0.8924536430633814,40.82528735632184,0.5868791019783098,0.5868791019783098,4.810744195794943,189.80320914255518,0.3940601505000646,0.7968649821058322,77.70868014268729,0.5982264074406431,0.5982264074406431,4.832035397042251,191.27347157636078,0.38394069297641914,0.792301836109732,79.3530864197531,0.5482683775958351,0.5482683775958351,4.930943525572443,191.0298216735254,0.3778772979986677,0.7033238326021213,114.03316326530613,0.5487568089897726,0.5487568089897726,4.937803739379059,192.18456990576846,0.38437117216059735,0.7868575057569863,81.38518518518518,0.5768252712146128,0.5768252712146128,4.9162462840256556,190.91731443377535,0.37754563392462054,0.698169322622549,116.13903061224492,0.5486229162211045,0.5486229162211045,4.951848745527596,192.39103132483862,0.3419522144250868,0.5420723019324581,176.2,0.47506624065540837,0.47506624065540837,5.148211879913277,192.38844990548202,0.328407551679312,0.3958334128184422,234.3136,0.4655317210600215,0.4655317210600215,5.09537435331186,193.91472896,0.3416034567376543,0.5220763542719079,183.9840579710145,0.4914179435809527,0.4914179435809527,5.139314464816059,192.48269008611635,0.3289371976532906,0.3520213946951578,251.8352,0.4318403204343938,0.4318403204343938,5.07778362685427,194.32369983999996,0.8611338127920107,15.689440993788786,57.737060041407744,340.8923395445127,0.09930098684210524,0.8611338127920107,15.689440993788786,57.737060041407744,340.8923395445127,0.09930098684210524,0.8704539905423767,15.380855397148643,58.99999999999988,355.00407331975487,0.10094572368421051
Falla_1_10_0_crop-5..png,Clase4-Err3,0.4013214728378089,0.9026755488448347,101.84712643678161,0.5834418670484587,0.5834418670484587,4.7376908615039355,523.2350412868279,0.3933886330632582,0.8118215934670016,198.6718192627824,0.5734975334850937,0.5734975334850937,4.810479208135173,527.8815537954505,0.4010201352760432,0.904810027809472,99.58850574712643,0.5726778400509188,0.5726778400509188,4.755357478884843,523.1039754260801,0.3932025960927578,0.8130743815334305,197.29964328180736,0.5840163974416567,0.5840163974416567,4.812173790916484,527.7490717974893,0.3834193060785265,0.8003322046013864,210.4925925925926,0.5484939353582444,0.5484939353582444,4.893069950873522,527.1070183661027,0.37719858239970655,0.7168341400729071,300.71428571428567,0.5474041153206366,0.5474041153206366,4.911842145099719,530.986125572678,0.3835395361978419,0.8001711343186897,210.32345679012343,0.553895477425101,0.553895477425101,4.901049802342394,526.2589468068892,0.3773053185620946,0.7151360713903809,302.4795918367347,0.534089596655795,0.534089596655795,4.8984579478136805,530.919434610579,0.3417402367500623,0.5509399904969315,478.54492753623185,0.46517797198513255,0.46517797198513255,5.089375001666962,532.8295967233774,0.32787314620139296,0.4134789605812975,630.0592000000001,0.45217530437537734,0.45217530437537734,5.078212270094507,537.1156000000001,0.3419261083305515,0.5384864127174604,490.16521739130434,0.49757332440867935,0.49757332440867935,5.058088273419439,531.0409388783869,0.32887298460043807,0.3659127729386165,683.7008000000001,0.44138559234355856,0.44138559234355856,5.0370867528115575,539.1220409599999,0.8839472801713931,15.191146881287695,60.67404426559344,372.9315895372226,0.10217927631578945,0.8839472801713931,15.191146881287695,60.67404426559344,372.9315895372226,0.10217927631578945,0.8829504733214949,15.013972055888193,61.91017964071844,374.2415169660671,0.10300164473684209
Falla_1_10_9_crop-5..png,Clase4-Err3,0.40412884275738253,0.9051284017225377,130.85517241379307,0.6069279296611035,0.6069279296611035,4.5221058283742535,689.6435539701414,0.3959670132649941,0.8143555012125789,258.2544589774078,0.5900174661163384,0.5900174661163384,4.594388788861819,695.5618417573778,0.40418441535655786,0.90588258759074,129.77471264367816,0.6083388925749538,0.6083388925749538,4.534951448794405,689.4298797727572,0.3959205919102026,0.8138785139406891,258.9250891795482,0.5922603710456984,0.5922603710456984,4.598360530960423,695.5808667276515,0.38654693603765317,0.8022514715794976,274.52839506172836,0.5772014201155975,0.5772014201155975,4.67078257997314,694.1351150739217,0.3801929849427351,0.7191571183604162,392.3278061224489,0.5528745451967663,0.5528745451967663,4.688012318775064,698.4827313977249,0.38615638088131,0.8042387043156431,271.3320987654321,0.5796378379826355,0.5796378379826355,4.6623916728293775,693.017733196159,0.3799939494986206,0.7164327603281315,396.1428571428571,0.5500540894781765,0.5500540894781765,4.710160202138021,698.4989831710745,0.34532768167273903,0.5490088261917194,633.3463768115942,0.4992313441972197,0.4992313441972197,4.851091402007911,702.1715873766016,0.33185828300646647,0.42088315529524,818.3792000000001,0.4689461793710219,0.4689461793710219,4.841935441488811,706.5751993599999,0.3446183610093947,0.5486860159777727,632.0521739130435,0.5054408121358531,0.5054408121358531,4.879163752243127,700.2355303507666,0.3330345327439784,0.37202522470612753,889.9775999999999,0.4467897545749464,0.4467897545749464,4.838910287286517,708.6093542400001,0.8520249149713987,15.878661087866075,67.67782426778228,329.14644351464364,0.09827302631578945,0.8520249149713987,15.878661087866075,67.67782426778228,329.14644351464364,0.09827302631578945,0.8569954320440071,15.726141078838141,68.9419087136928,336.2074688796673,0.09909539473684209
Falla_1_10_8_crop-5..png,Clase4-Err3,0.4032222571539033,0.9061114959212924,153.6264367816092,0.5922141644764531,0.5922141644764531,4.610344749611236,818.132306447351,0.39515832470823054,0.8155568753710839,304.31985731272295,0.5872354392660484,0.5872354392660484,4.680509463243188,824.9693717914097,0.4025721567527021,0.9060260699906223,153.72758620689655,0.5832956827247403,0.5832956827247403,4.640032874521009,817.926770709473,0.39511270293847267,0.8154193266260692,304.5695600475624,0.5990802321511808,0.5990802321511808,4.703361886010906,825.0310134868603,0.3850793222679554,0.8035534496656745,323.0320987654321,0.5584113469051994,0.5584113469051994,4.771230790358989,822.1882700807803,0.3789499816029173,0.7188486337048077,465.48596938775506,0.552711755857811,0.552711755857811,4.814646216661902,827.8209270714026,0.3850961435544652,0.8034521282962112,322.9530864197531,0.5701716454566255,0.5701716454566255,4.776053850207089,821.5634278311234,0.3787846554880968,0.7168350422311469,469.2729591836735,0.5484571697684626,0.5484571697684626,4.810990712113573,828.6211734693877,0.34383733447866077,0.55187471533328,744.6376811594203,0.5035663576977321,0.5035663576977321,4.951133213337766,830.8364944339426,0.32975142152839915,0.41901350194664805,970.9584,0.4662340300890965,0.4662340300890965,4.986443491090356,835.61184576,0.3430606523869082,0.5477316309627008,750.9449275362318,0.4923480132672578,0.4923480132672578,5.010955159828871,830.1983721907161,0.33089067681033263,0.37226296375465195,1053.1744,0.45006741566828845,0.45006741566828845,4.935411419540301,838.86590976,0.8761514643646616,15.361788617886146,65.47560975609743,361.63821138211307,0.10115131578947366,0.8761514643646616,15.361788617886146,65.47560975609743,361.63821138211307,0.10115131578947366,0.8736753499902845,15.224242424242393,67.25858585858572,360.7252525252518,0.10176809210526314
Falla_1_10_6_crop-5..png,Clase4-Err3,0.4036528937186973,0.9067647192337172,150.19885057471265,0.6090464879342455,0.6090464879342455,4.550350860870209,805.4829102259215,0.3957491428143719,0.8144227890818311,301.5659928656362,0.591926303428581,0.591926303428581,4.630475703556173,812.5081505794727,0.40368480475249074,0.9051924602657833,152.66436781609195,0.6097306110526266,0.6097306110526266,4.548600560723843,805.1277790989562,0.39530857094667654,0.8144586804453307,301.53032104637333,0.5876184108856347,0.5876184108856347,4.639931391946622,812.5691942099392,0.3862678674402741,0.803711435507605,318.1604938271605,0.5814465991546107,0.5814465991546107,4.6962105724884795,810.4407270233196,0.37952055405145296,0.7184259022529967,459.6275510204081,0.5609266330062024,0.5609266330062024,4.736525971436536,816.1751288525612,0.3860902630287495,0.8021162500967748,320.33950617283955,0.5638073960354465,0.5638073960354465,4.674658847344944,809.4133710562414,0.3794155130721026,0.717439772803453,461.41581632653066,0.5687149468962822,0.5687149468962822,4.74054002008123,816.4910909516868,0.3439167384082402,0.5520978122788226,734.1826086956523,0.48835828076634114,0.48835828076634114,4.90807204410206,819.5791724427642,0.3318987797506945,0.4176252585090118,960.4576000000001,0.4792890297098259,0.4792890297098259,4.846721099927744,824.6044441600001,0.34473109739419655,0.5431030795723518,746.4797101449276,0.5088118532204893,0.5088118532204893,4.862380577367236,816.9016650913675,0.332824999061068,0.3732305431694987,1036.6831999999997,0.45975915117572874,0.45975915117572874,4.849401677431971,827.0051999999998,0.8527630668987847,15.701244813277976,68.31535269709529,332.24896265560096,0.09909539473684209,0.8527630668987847,15.701244813277976,68.31535269709529,332.24896265560096,0.09909539473684209,0.8514782632674044,15.924528301886758,67.11740041928707,328.0104821802928,0.0980674342105263
Falla_1_10_2_crop-5..png,Clase4-Err3,0.4035612377470981,0.9070017572304552,99.69655172413793,0.6108680492635461,0.6108680492635461,4.585702709341297,536.0130942000263,0.39498564985755497,0.8169756522842349,197.81450653983353,0.5886499355040218,0.5886499355040218,4.674161424300045,540.404894235813,0.40322143801519644,0.9061940655183208,100.46091954022988,0.6057339783078612,0.6057339783078612,4.5852985964719295,535.4720897740785,0.395647309761241,0.8174346567798425,197.30083234244944,0.5964007256246567,0.5964007256246567,4.645880336116699,540.3567535392581,0.38599057142826637,0.8059173160843294,209.76543209876544,0.5683059301197058,0.5683059301197058,4.7132953088308005,540.4022344154855,0.379093778131031,0.7219577447962034,302.21173469387753,0.5581623335280949,0.5581623335280949,4.761297846363657,543.4636804977092,0.3855767240782198,0.8020040128577876,213.0395061728395,0.5811907457230568,0.5811907457230568,4.744803992156775,537.9894543514708,0.3793715587270771,0.7196900529979526,304.7308673469388,0.575983237736611,0.575983237736611,4.760774481813769,543.5605668048469,0.344508636144396,0.5553988800579007,486.28985507246375,0.4943486772689541,0.4943486772689541,4.924210744118755,546.883299726948,0.3303041023057388,0.4199724181175896,637.1216,0.4549968489998535,0.4549968489998535,4.927118519398901,549.21664064,0.3440999083143024,0.5406876964346898,498.4594202898551,0.4960692613794138,0.4960692613794138,4.912433936661888,542.614922810334,0.33119806762721304,0.368697908855996,696.6304,0.45154012922392506,0.45154012922392506,4.918147894786902,551.74092544,0.844597206668333,16.212765957446774,63.472340425531776,317.6425531914887,0.0966282894736842,0.844597206668333,16.212765957446774,63.472340425531776,317.6425531914887,0.0966282894736842,0.8488612122541305,15.911949685534557,66.36687631027239,325.63312368972674,0.0980674342105263
Falla_1_10_1_crop-5..png,Clase4-Err3,0.40255000370499405,0.9096874492827772,112.27241379310345,0.5850797102859006,0.5850797102859006,4.636400257104344,621.5770283392785,0.3946723162087057,0.8211175469646524,224.56361474435198,0.5869223696817423,0.5869223696817423,4.711532419784017,627.6848593416195,0.4027526176532633,0.9074267950333081,114.98275862068965,0.610665416986309,0.610665416986309,4.6305970644592405,621.0369332144273,0.3944868846137348,0.821331562597957,224.27824019024968,0.5766732098345534,0.5766732098345534,4.720866119392218,627.6381084745667,0.38522772003200223,0.8071682762182791,241.07283950617284,0.5716705654945533,0.5716705654945533,4.76850201033698,625.0860459533608,0.3781764073759671,0.7245531898730232,346.72321428571433,0.553502377683827,0.553502377683827,4.820027399347227,629.3832448556592,0.38481800321084725,0.8033098059747902,245.03703703703707,0.5805704488471967,0.5805704488471967,4.7914129929357445,622.9009998475842,0.37885766552464073,0.7228702852480375,349.0191326530612,0.574591835369664,0.574591835369664,4.798046270829692,629.7035541018065,0.3439533801931183,0.5648213833925231,550.2623188405797,0.4945563284238237,0.49455632842382363,4.927731558796757,632.2258238815375,0.32942325358116414,0.4268699608830678,725.0047999999999,0.45432173998433434,0.45432173998433434,4.983233653747585,632.49590016,0.34350730629959153,0.5404373771196794,577.0652173913043,0.4941219282680843,0.4941219282680843,4.940655287242437,627.841765910523,0.3304242121879085,0.3779366866902834,791.4064,0.45699008988058243,0.45699008988058243,4.964484916624368,636.1140281599999,0.8850635964903587,15.06399999999997,67.55199999999986,376.0159999999992,0.10279605263157893,0.8850635964903587,15.06399999999997,67.55199999999986,376.0159999999992,0.10279605263157893,0.8480751308086552,16.008421052631544,63.84631578947354,323.7157894736835,0.09765624999999999
