Classifier,Accuracy,Precision,Recall,F1_Score,AUC_Score,CV_Score,Best_Params,Supports_Probability
SVC,0.8125,0.85,0.8125,0.8055555555555555,N/A,0.8576923076923076,"{'clf__C': 10, 'clf__gamma': 'scale', 'clf__kernel': 'linear'}",False
KNeighbors,0.8125,0.8666666666666667,0.8125,0.8031746031746032,0.9388020833333334,0.7474358974358974,"{'clf__n_neighbors': 9, 'clf__weights': 'distance'}",True
RandomForest,0.875,0.9166666666666666,0.875,0.8666666666666667,0.9322916666666667,0.8423076923076923,"{'clf__max_depth': 10, 'clf__min_samples_split': 2, 'clf__n_estimators': 100}",True
LogisticRegression,0.75,0.7916666666666666,0.75,0.7416666666666667,0.91796875,0.7012820512820513,"{'clf__C': 10, 'clf__penalty': 'l2', 'clf__solver': 'liblinear'}",True
