Classifier,Accuracy,Precision,Recall,F1_Score,AUC_Score,CV_Score,Best_Params,Supports_Probability
SVC,0.1875,0.09821428571428571,0.1875,0.12878787878787878,N/A,0.17307692307692307,"{'clf__C': 10, 'clf__gamma': 'scale', 'clf__kernel': 'linear'}",False
KNeighbors,0.625,0.625,0.625,0.6111111111111112,0.7597656250000001,0.8435897435897436,"{'clf__n_neighbors': 3, 'clf__weights': 'distance'}",True
RandomForest,0.625,0.625,0.625,0.6111111111111112,0.87109375,0.8615384615384615,"{'clf__max_depth': None, 'clf__min_samples_split': 2, 'clf__n_estimators': 100}",True
LogisticRegression,0.4375,0.35,0.4375,0.3571428571428571,0.6796875,0.23333333333333334,"{'clf__C': 10, 'clf__penalty': 'l2', 'clf__solver': 'liblinear'}",True
