Classifier,Accuracy,Precision,Recall,F1_Score,AUC_Score,CV_Score,Best_Params,Supports_Probability
SVC,0.8125,0.825,0.8125,0.8115079365079365,N/A,0.6717948717948719,"{'clf__C': 10, 'clf__gamma': 'scale', 'clf__kernel': 'linear'}",False
KNeighbors,0.875,0.9166666666666666,0.875,0.8666666666666667,0.9524739583333334,0.8448717948717949,"{'clf__n_neighbors': 3, 'clf__weights': 'distance'}",True
RandomForest,0.8125,0.8166666666666667,0.8125,0.8095238095238095,0.9674479166666667,0.8153846153846154,"{'clf__max_depth': 5, 'clf__min_samples_split': 8, 'clf__n_estimators': 50}",True
LogisticRegression,0.75,0.7875000000000001,0.75,0.7430555555555555,0.9401041666666666,0.7038461538461538,"{'clf__C': 10, 'clf__penalty': 'l2', 'clf__solver': 'liblinear'}",True
