Classifier,Accuracy,Precision,Recall,F1_Score,AUC_Score,CV_Score,Best_Params,Supports_Probability
SVC,0.8125,0.825,0.8125,0.8115079365079365,N/A,0.9076923076923077,"{'clf__C': 10, 'clf__gamma': 'scale', 'clf__kernel': 'linear'}",False
KNeighbors,0.75,0.8125,0.75,0.7660714285714286,0.9153645833333333,0.8128205128205128,"{'clf__n_neighbors': 3, 'clf__weights': 'distance'}",True
RandomForest,0.875,0.8875,0.875,0.8740079365079365,0.9720052083333333,0.8294871794871795,"{'clf__max_depth': None, 'clf__min_samples_split': 2, 'clf__n_estimators': 50}",True
LogisticRegression,0.8125,0.8500000000000001,0.8125,0.8055555555555556,0.9309895833333334,0.6564102564102564,"{'clf__C': 10, 'clf__penalty': 'l2', 'clf__solver': 'liblinear'}",True
