glcm_d1_a0_contrast,glcm_d1_a0_correlation,glcm_d1_a0_energy,glcm_d1_a0_homogeneity,glcm_d1_a45_contrast,glcm_d1_a45_correlation,glcm_d1_a45_energy,glcm_d1_a45_homogeneity,glcm_d1_a90_contrast,glcm_d1_a90_correlation,glcm_d1_a90_energy,glcm_d1_a90_homogeneity,glcm_d1_a135_contrast,glcm_d1_a135_correlation,glcm_d1_a135_energy,glcm_d1_a135_homogeneity,glcm_d3_a0_contrast,glcm_d3_a0_correlation,glcm_d3_a0_energy,glcm_d3_a0_homogeneity,glcm_d3_a45_contrast,glcm_d3_a45_correlation,glcm_d3_a45_energy,glcm_d3_a45_homogeneity,glcm_d3_a90_contrast,glcm_d3_a90_correlation,glcm_d3_a90_energy,glcm_d3_a90_homogeneity,glcm_d3_a135_contrast,glcm_d3_a135_correlation,glcm_d3_a135_energy,glcm_d3_a135_homogeneity,glcm_d7_a0_contrast,glcm_d7_a0_correlation,glcm_d7_a0_energy,glcm_d7_a0_homogeneity,glcm_d7_a45_contrast,glcm_d7_a45_correlation,glcm_d7_a45_energy,glcm_d7_a45_homogeneity,glcm_d7_a90_contrast,glcm_d7_a90_correlation,glcm_d7_a90_energy,glcm_d7_a90_homogeneity,glcm_d7_a135_contrast,glcm_d7_a135_correlation,glcm_d7_a135_energy,glcm_d7_a135_homogeneity,class
56.53328875623291,0.995007487721074,0.050424585534431424,0.354714302838584,103.95847025346006,0.990768884964829,0.052422047987895556,0.3720326109531781,55.633263263439346,0.9950952411381753,0.050817301070358735,0.3598778100428348,103.37761983631258,0.9908204641548463,0.05244090133115007,0.3723035786730229,285.9621070518267,0.9743777550187873,0.04932930592104743,0.34234001891124044,300.64788085234227,0.9729577968060221,0.050812040702287536,0.35647324396562746,245.98712210737966,0.9780736891327053,0.051189249759463026,0.3642125606990349,299.3636393759858,0.9730732929478828,0.05058742160188496,0.35395120582915784,810.805857616034,0.9251161332962778,0.04812810299520249,0.3321941847804826,1009.4774960323828,0.9054396204120616,0.0466374028806145,0.31383251964478026,706.5779188537381,0.935571982483398,0.04962560189235849,0.34820701067894144,1006.5808769771215,0.9057108718947017,0.046776196349415676,0.31558233422641785,sano
58.35271190802454,0.9948347964731307,0.0515911501086114,0.354880446217489,107.82623184064697,0.9904026665006,0.05354309244454609,0.3723693058791422,58.15638852730089,0.9948607184792788,0.051906090322031716,0.35946928010420304,107.94283492938887,0.9903922892722634,0.05354643823971466,0.37223285434709963,293.1136744309216,0.9736740416877299,0.05045894243803807,0.34210328360225994,307.54635041817437,0.9722692105108818,0.05192610642628097,0.355151410392436,249.73514665937637,0.9776848653143959,0.05234595135154263,0.3646299255341821,308.30699033758793,0.9722006252317348,0.05171218709312666,0.3532750265884791,828.7160095879365,0.9232680123288693,0.04930804459133274,0.33109087571353646,1019.9941065282906,0.9041924898228633,0.047808402312407246,0.3140834653863369,703.7484838274933,0.9356587770111048,0.05063403404652592,0.348547702230651,1022.5868774407534,0.9039489388195514,0.047857683017596374,0.3148193435413945,sano
0.2860486139674426,-2.199532819229196e-06,0.9999956009488753,0.9999956010116882,0.28643103190055413,-2.2024733776030485e-06,0.9999955950677974,0.9999955951306877,0.28595992822966504,-2.1988508805298343e-06,0.9999956023127438,0.9999956023755385,0.28643103190055413,-2.2024733776030485e-06,0.9999955950677974,0.9999955951306877,0.2869942292202275,-2.2068040181487565e-06,0.9999955864065736,0.999995586469578,0.2872877649210704,-2.209061126930443e-06,0.9999955818923859,0.9999955819554499,0.286726576830817,-2.2047459361020535e-06,0.9999955905227105,0.9999955905856607,0.2872877649210704,-2.209061126930443e-06,0.9999955818923859,0.9999955819554499,0.28890434056279146,-2.221491598318774e-06,0.9999955570316085,0.9999955570949994,0.28988123896645807,-2.229003345734023e-06,0.999995542008214,0.9999955420718026,0.28827227266278904,-2.2166313852837847e-06,0.9999955667519698,0.9999955668152329,0.28988123896645807,-2.229003345734023e-06,0.999995542008214,0.9999955420718026,sano
0.2860486139674426,-2.199532819229196e-06,0.9999956009488753,0.9999956010116882,0.28643103190055413,-2.2024733776030485e-06,0.9999955950677974,0.9999955951306877,0.28595992822966504,-2.1988508805298343e-06,0.9999956023127438,0.9999956023755385,0.28643103190055413,-2.2024733776030485e-06,0.9999955950677974,0.9999955951306877,0.2869942292202275,-2.2068040181487565e-06,0.9999955864065736,0.999995586469578,0.2872877649210704,-2.209061126930443e-06,0.9999955818923859,0.9999955819554499,0.286726576830817,-2.2047459361020535e-06,0.9999955905227105,0.9999955905856607,0.2872877649210704,-2.209061126930443e-06,0.9999955818923859,0.9999955819554499,0.28890434056279146,-2.221491598318774e-06,0.9999955570316085,0.9999955570949994,0.28988123896645807,-2.229003345734023e-06,0.999995542008214,0.9999955420718026,0.28827227266278904,-2.2166313852837847e-06,0.9999955667519698,0.9999955668152329,0.28988123896645807,-2.229003345734023e-06,0.999995542008214,0.9999955420718026,sano
0.2860486139674426,-2.199532819229196e-06,0.9999956009488753,0.9999956010116882,0.28643103190055413,-2.2024733776030485e-06,0.9999955950677974,0.9999955951306877,0.28595992822966504,-2.1988508805298343e-06,0.9999956023127438,0.9999956023755385,0.28643103190055413,-2.2024733776030485e-06,0.9999955950677974,0.9999955951306877,0.2869942292202275,-2.2068040181487565e-06,0.9999955864065736,0.999995586469578,0.2872877649210704,-2.209061126930443e-06,0.9999955818923859,0.9999955819554499,0.286726576830817,-2.2047459361020535e-06,0.9999955905227105,0.9999955905856607,0.2872877649210704,-2.209061126930443e-06,0.9999955818923859,0.9999955819554499,0.28890434056279146,-2.221491598318774e-06,0.9999955570316085,0.9999955570949994,0.28988123896645807,-2.229003345734023e-06,0.999995542008214,0.9999955420718026,0.28827227266278904,-2.2166313852837847e-06,0.9999955667519698,0.9999955668152329,0.28988123896645807,-2.229003345734023e-06,0.999995542008214,0.9999955420718026,sano
58.29848034611773,0.9948941605302993,0.05061667051312189,0.3559961416346632,110.84444185042597,0.9902389678806475,0.05252492219099002,0.3741409893814444,60.91670111525472,0.9946737893022802,0.05095625327096778,0.3613660610695565,110.51817697275109,0.9902676989772701,0.052550152639983534,0.3740956063689752,293.58487018504013,0.9739132888803893,0.0495298968646127,0.3428894741956752,313.5280616415056,0.9720335923465915,0.05092951023987723,0.3575873246945058,256.77568743826725,0.9773010780920777,0.051326149672736965,0.36630724014138294,313.1024494015667,0.9720715546712835,0.05068673849540052,0.35480721708263835,830.7985355959916,0.9239134126988443,0.0482869809569985,0.33351755803484,1033.0487325915226,0.9040401884919845,0.04680722058480469,0.31622546307742927,715.7711621329265,0.9352723881179557,0.04961913656101813,0.3498429291593792,1032.8424677686835,0.9040593426567112,0.046876823835978576,0.3171864915057579,sano
0.2860486139674426,-2.199532819229196e-06,0.9999956009488753,0.9999956010116882,0.28643103190055413,-2.2024733776030485e-06,0.9999955950677974,0.9999955951306877,0.28595992822966504,-2.1988508805298343e-06,0.9999956023127438,0.9999956023755385,0.28643103190055413,-2.2024733776030485e-06,0.9999955950677974,0.9999955951306877,0.2869942292202275,-2.2068040181487565e-06,0.9999955864065736,0.999995586469578,0.2872877649210704,-2.209061126930443e-06,0.9999955818923859,0.9999955819554499,0.286726576830817,-2.2047459361020535e-06,0.9999955905227105,0.9999955905856607,0.2872877649210704,-2.209061126930443e-06,0.9999955818923859,0.9999955819554499,0.28890434056279146,-2.221491598318774e-06,0.9999955570316085,0.9999955570949994,0.28988123896645807,-2.229003345734023e-06,0.999995542008214,0.9999955420718026,0.28827227266278904,-2.2166313852837847e-06,0.9999955667519698,0.9999955668152329,0.28988123896645807,-2.229003345734023e-06,0.999995542008214,0.9999955420718026,sano
56.73927235215322,0.9950019741003028,0.05031003942659995,0.35540840900112863,105.51147706349278,0.9906544338326578,0.052160158334054046,0.37196067299258095,56.84887331128624,0.995000704460796,0.050632212407997895,0.3593869803332181,104.63202036842894,0.9907323288724169,0.052153288358781504,0.37189139232127155,286.30298248904876,0.9744111054288451,0.04918930614574039,0.3423672972122662,302.9709332379021,0.9728155314741651,0.05047567712942608,0.3540453072904802,248.2234946027939,0.9779282572553516,0.05098089402928859,0.3635427046630935,300.60437128050154,0.9730278707087291,0.05022264663442011,0.35167063570687795,814.3270139442718,0.9249729954561628,0.047977348077955236,0.3312294991756197,1014.8940445621356,0.9051460440221112,0.04640310220941434,0.312800194455168,709.7476814087104,0.9354302885416621,0.04934298107676771,0.34673288734903945,1008.9800816705007,0.9056987407646501,0.0465279167667462,0.3144430956110379,sano
57.66327206181553,0.9949783127385659,0.05047444544025423,0.35564786796182346,110.51125461417158,0.9903230903416013,0.05239786198177985,0.3732646277830363,61.06338833380242,0.9946910136941731,0.05084202678561375,0.3604011646865218,109.86814701917912,0.9903794040169753,0.05244723772463105,0.37350263533907396,290.9127034392965,0.974296847358176,0.049411613143458565,0.3435555562590452,311.4578732973699,0.9723743411475599,0.050749734182431554,0.35658545851785606,254.6114055665303,0.9776188052275928,0.05118406622776385,0.3649382945349635,309.7377938597072,0.9725269143875243,0.050492904242734546,0.35403332001765525,826.5243197252466,0.9247359940530796,0.04813008087877446,0.3332384659813346,1026.572054601544,0.9051795466090724,0.04665331593929451,0.3155049391059474,709.136156281033,0.9362294743808536,0.04945152141791348,0.3475595079297232,1022.0194234918599,0.905600097798043,0.046674147913640295,0.31565003062624714,sano
0.2860486139674426,-2.199532819229196e-06,0.9999956009488753,0.9999956010116882,0.28643103190055413,-2.2024733776030485e-06,0.9999955950677974,0.9999955951306877,0.28595992822966504,-2.1988508805298343e-06,0.9999956023127438,0.9999956023755385,0.28643103190055413,-2.2024733776030485e-06,0.9999955950677974,0.9999955951306877,0.2869942292202275,-2.2068040181487565e-06,0.9999955864065736,0.999995586469578,0.2872877649210704,-2.209061126930443e-06,0.9999955818923859,0.9999955819554499,0.286726576830817,-2.2047459361020535e-06,0.9999955905227105,0.9999955905856607,0.2872877649210704,-2.209061126930443e-06,0.9999955818923859,0.9999955819554499,0.28890434056279146,-2.221491598318774e-06,0.9999955570316085,0.9999955570949994,0.28988123896645807,-2.229003345734023e-06,0.999995542008214,0.9999955420718026,0.28827227266278904,-2.2166313852837847e-06,0.9999955667519698,0.9999955668152329,0.28988123896645807,-2.229003345734023e-06,0.999995542008214,0.9999955420718026,sano
0.2860486139674426,-2.199532819229196e-06,0.9999956009488753,0.9999956010116882,0.28643103190055413,-2.2024733776030485e-06,0.9999955950677974,0.9999955951306877,0.28595992822966504,-2.1988508805298343e-06,0.9999956023127438,0.9999956023755385,0.28643103190055413,-2.2024733776030485e-06,0.9999955950677974,0.9999955951306877,0.2869942292202275,-2.2068040181487565e-06,0.9999955864065736,0.999995586469578,0.2872877649210704,-2.209061126930443e-06,0.9999955818923859,0.9999955819554499,0.286726576830817,-2.2047459361020535e-06,0.9999955905227105,0.9999955905856607,0.2872877649210704,-2.209061126930443e-06,0.9999955818923859,0.9999955819554499,0.28890434056279146,-2.221491598318774e-06,0.9999955570316085,0.9999955570949994,0.28988123896645807,-2.229003345734023e-06,0.999995542008214,0.9999955420718026,0.28827227266278904,-2.2166313852837847e-06,0.9999955667519698,0.9999955668152329,0.28988123896645807,-2.229003345734023e-06,0.999995542008214,0.9999955420718026,sano
56.52771955138427,0.9950079791600953,0.05042476219053385,0.3547164429227973,103.96491027143222,0.9907683124073774,0.0524221414480351,0.37203327169036127,55.63233535040811,0.9950953225688036,0.05081731503263093,0.3598767106202768,103.37947871974912,0.9908202983886644,0.05244090819939389,0.3723018166972502,285.96395634951284,0.9743775873546122,0.04932934763171495,0.3423400189102803,300.65443291317087,0.9729572053962183,0.050812118685766655,0.3564740366237368,245.9944991710173,0.9780730298884097,0.051189218660360344,0.3642094740576362,299.3673152455808,0.9730729602498853,0.05058748514834451,0.3539503222047087,810.8002594696425,0.9251166445755571,0.04812817282414634,0.3321943214902889,1009.4793505590328,0.9054394394367915,0.04663758182948582,0.31383461752467096,706.5723196552701,0.9355724880950042,0.04962575471412263,0.3482080337402482,1006.5724379892649,0.9057116551612552,0.0467763339004089,0.31558273545059706,sano
56.536073358657234,0.9950072414268147,0.05042459520076234,0.35471452278995347,103.96769859658706,0.9907680648147359,0.052422138139919146,0.37203217045468756,55.63511908950183,0.9950950771478229,0.050817232686091146,0.3598757405396834,103.37576095287602,0.9908206285121179,0.052440989577608274,0.3723044596613986,285.9630250802723,0.9743776707964734,0.049329351654694625,0.3423411223103276,300.6479073610172,0.972957792346375,0.050811962934776446,0.35647116485385205,245.99263836954987,0.9780731957528428,0.05118936936026355,0.3642133129019268,299.3719763542619,0.9730725409995116,0.05058757223218656,0.3539521804085294,810.8049468065021,0.9251162116655919,0.048128060569711716,0.33219218544296886,1009.4821724709782,0.9054391751009483,0.04663749740213841,0.31383363414155835,706.5779321534969,0.935571976329561,0.04962558879827874,0.34820568070305835,1006.5809037251022,0.9057108621530326,0.04677613025575402,0.315579659428365,sano
0.2860486139674426,-2.199532819229196e-06,0.9999956009488753,0.9999956010116882,0.28643103190055413,-2.2024733776030485e-06,0.9999955950677974,0.9999955951306877,0.28595992822966504,-2.1988508805298343e-06,0.9999956023127438,0.9999956023755385,0.28643103190055413,-2.2024733776030485e-06,0.9999955950677974,0.9999955951306877,0.2869942292202275,-2.2068040181487565e-06,0.9999955864065736,0.999995586469578,0.2872877649210704,-2.209061126930443e-06,0.9999955818923859,0.9999955819554499,0.286726576830817,-2.2047459361020535e-06,0.9999955905227105,0.9999955905856607,0.2872877649210704,-2.209061126930443e-06,0.9999955818923859,0.9999955819554499,0.28890434056279146,-2.221491598318774e-06,0.9999955570316085,0.9999955570949994,0.28988123896645807,-2.229003345734023e-06,0.999995542008214,0.9999955420718026,0.28827227266278904,-2.2166313852837847e-06,0.9999955667519698,0.9999955668152329,0.28988123896645807,-2.229003345734023e-06,0.999995542008214,0.9999955420718026,sano
58.70120732090893,0.9948757366078502,0.05036159339883261,0.3543788273008869,111.94566289897718,0.990174020336987,0.05224845681776041,0.3718105830831152,61.65809922952435,0.9946265926048387,0.05069606764943261,0.3595367855003984,111.57545436925707,0.9902065152299349,0.052276362152049415,0.37278593104364155,295.2012490483179,0.9738546165857545,0.04923564503066706,0.3424748818768253,315.35155583831477,0.9719615082554413,0.0506226401246809,0.3553642692909362,257.90985034217584,0.9772750158844575,0.051101310334402225,0.3643673605956659,314.62317034916344,0.9720262723917709,0.05038978495798149,0.35311456352953047,834.2082821465782,0.9238448888889195,0.04802321372738086,0.33229301651403503,1037.5601651241998,0.9039264699404169,0.04657129361603436,0.31537527965324735,718.0144435380904,0.9352802742139595,0.049350204844575904,0.34728513113873816,1036.2886530608605,0.9040441579874485,0.046649571277950226,0.3157238876774216,sano
0.2860486139674426,-2.199532819229196e-06,0.9999956009488753,0.9999956010116882,0.28643103190055413,-2.2024733776030485e-06,0.9999955950677974,0.9999955951306877,0.28595992822966504,-2.1988508805298343e-06,0.9999956023127438,0.9999956023755385,0.28643103190055413,-2.2024733776030485e-06,0.9999955950677974,0.9999955951306877,0.2869942292202275,-2.2068040181487565e-06,0.9999955864065736,0.999995586469578,0.2872877649210704,-2.209061126930443e-06,0.9999955818923859,0.9999955819554499,0.286726576830817,-2.2047459361020535e-06,0.9999955905227105,0.9999955905856607,0.2872877649210704,-2.209061126930443e-06,0.9999955818923859,0.9999955819554499,0.28890434056279146,-2.221491598318774e-06,0.9999955570316085,0.9999955570949994,0.28988123896645807,-2.229003345734023e-06,0.999995542008214,0.9999955420718026,0.28827227266278904,-2.2166313852837847e-06,0.9999955667519698,0.9999955668152329,0.28988123896645807,-2.229003345734023e-06,0.999995542008214,0.9999955420718026,sano
0.2860486139674426,-2.199532819229196e-06,0.9999956009488753,0.9999956010116882,0.28643103190055413,-2.2024733776030485e-06,0.9999955950677974,0.9999955951306877,0.28595992822966504,-2.1988508805298343e-06,0.9999956023127438,0.9999956023755385,0.28643103190055413,-2.2024733776030485e-06,0.9999955950677974,0.9999955951306877,0.2869942292202275,-2.2068040181487565e-06,0.9999955864065736,0.999995586469578,0.2872877649210704,-2.209061126930443e-06,0.9999955818923859,0.9999955819554499,0.286726576830817,-2.2047459361020535e-06,0.9999955905227105,0.9999955905856607,0.2872877649210704,-2.209061126930443e-06,0.9999955818923859,0.9999955819554499,0.28890434056279146,-2.221491598318774e-06,0.9999955570316085,0.9999955570949994,0.28988123896645807,-2.229003345734023e-06,0.999995542008214,0.9999955420718026,0.28827227266278904,-2.2166313852837847e-06,0.9999955667519698,0.9999955668152329,0.28988123896645807,-2.229003345734023e-06,0.999995542008214,0.9999955420718026,sano
57.55596588972007,0.9949103021508598,0.05149065851692816,0.35522946854273973,107.61122466059962,0.9904311961986608,0.053404111204173564,0.37223630006528735,58.383637067267095,0.9948458014983672,0.051829528393748533,0.3597063474383975,107.20375917328141,0.9904674280816846,0.0534420928720455,0.3729661934188072,291.46710214169843,0.9738467833509328,0.050376726899291624,0.3426374371210624,306.4843046553651,0.9723917299900057,0.0517675799351965,0.3553496037925515,248.50012787498235,0.9778176419995531,0.05221929464691059,0.36431018554738176,305.55601503925493,0.9724753431257992,0.051574727056016574,0.353084918196384,827.9701143399186,0.9234059940036918,0.049236911558213546,0.33311340294573616,1018.892127623531,0.9043873191161061,0.047743804415664975,0.3142969168701162,700.6914721946376,0.9360049182464283,0.0505822725011285,0.347959894036491,1016.9543367392428,0.9045691410197465,0.04779289053666186,0.31489760332577477,sano
0.2860486139674426,-2.199532819229196e-06,0.9999956009488753,0.9999956010116882,0.28643103190055413,-2.2024733776030485e-06,0.9999955950677974,0.9999955951306877,0.28595992822966504,-2.1988508805298343e-06,0.9999956023127438,0.9999956023755385,0.28643103190055413,-2.2024733776030485e-06,0.9999955950677974,0.9999955951306877,0.2869942292202275,-2.2068040181487565e-06,0.9999955864065736,0.999995586469578,0.2872877649210704,-2.209061126930443e-06,0.9999955818923859,0.9999955819554499,0.286726576830817,-2.2047459361020535e-06,0.9999955905227105,0.9999955905856607,0.2872877649210704,-2.209061126930443e-06,0.9999955818923859,0.9999955819554499,0.28890434056279146,-2.221491598318774e-06,0.9999955570316085,0.9999955570949994,0.28988123896645807,-2.229003345734023e-06,0.999995542008214,0.9999955420718026,0.28827227266278904,-2.2166313852837847e-06,0.9999955667519698,0.9999955668152329,0.28988123896645807,-2.229003345734023e-06,0.999995542008214,0.9999955420718026,sano
58.68273128586605,0.9948773502191682,0.050361514578466944,0.3543788273104026,111.93166841395838,0.9901752501619654,0.05224827340744804,0.3718102273066295,61.640512858851665,0.9946281260310085,0.05069588572932764,0.35953524631709993,111.55794474446961,0.9902080535898139,0.05227642225852124,0.37278866470496985,295.18453916516785,0.9738561004462131,0.0492354989384355,0.3424735578058613,315.34499494126123,0.9719620957774766,0.050622670682889274,0.3553680246898386,257.8968600077607,0.9772761638784964,0.051101156259538094,0.36436559680942127,314.61389231292605,0.9720271014899379,0.05038967213503058,0.35311456353430243,834.1877822676493,0.9238467716821487,0.04802319142783413,0.3322939051193386,1037.5433673924285,0.903928039644558,0.046571272545846816,0.3153761712613831,718.0032717406725,0.9352812908465862,0.04935005883586018,0.34728291451800636,1036.2783149663865,0.9040451295404973,0.04664945516023453,0.31572500218184896,sano
2.0023402977720983,0.8571274587874015,0.999876830937709,0.9999692070818169,3.7236034147072035,0.7346652423698367,0.9998634509150431,0.9999427366989403,2.0017194976076556,0.8571274635619803,0.9998768691233151,0.9999692166287699,3.7236034147072035,0.7346652423698367,0.9998634509150431,0.9999427366989403,6.026878813624777,0.5713822236347263,0.9998455281169332,0.9999073158611382,6.89490635810569,0.5101510585433069,0.9998387432304863,0.9998939669307952,6.021258113447157,0.5713822668636027,0.9998456721744762,0.9999074022988735,6.89490635810569,0.5101510585433069,0.9998387432304863,0.9998939669307952,14.156312687576781,-0.00010886469673405913,0.9997823061585184,0.9997822976549754,13.044655753490611,0.08153233717765335,0.9997904842554775,0.9997993932311153,14.125341360476662,-0.00010862649555407271,0.9997827824054754,0.9997827739464141,13.044655753490611,0.08153233717765335,0.9997904842554775,0.9997993932311153,error1
2.0023402977720983,0.8571274587874015,0.999876830937709,0.9999692070818169,3.7236034147072035,0.7346652423698367,0.9998634509150431,0.9999427366989403,2.0017194976076556,0.8571274635619803,0.9998768691233151,0.9999692166287699,3.7236034147072035,0.7346652423698367,0.9998634509150431,0.9999427366989403,6.026878813624777,0.5713822236347263,0.9998455281169332,0.9999073158611382,6.89490635810569,0.5101510585433069,0.9998387432304863,0.9998939669307952,6.021258113447157,0.5713822668636027,0.9998456721744762,0.9999074022988735,6.89490635810569,0.5101510585433069,0.9998387432304863,0.9998939669307952,14.156312687576781,-0.00010886469673405913,0.9997823061585184,0.9997822976549754,13.044655753490611,0.08153233717765335,0.9997904842554775,0.9997993932311153,14.125341360476662,-0.00010862649555407271,0.9997827824054754,0.9997827739464141,13.044655753490611,0.08153233717765335,0.9997904842554775,0.9997993932311153,error1
2.0023402977720983,0.8571274587874015,0.999876830937709,0.9999692070818169,3.7236034147072035,0.7346652423698367,0.9998634509150431,0.9999427366989403,2.0017194976076556,0.8571274635619803,0.9998768691233151,0.9999692166287699,3.7236034147072035,0.7346652423698367,0.9998634509150431,0.9999427366989403,6.026878813624777,0.5713822236347263,0.9998455281169332,0.9999073158611382,6.89490635810569,0.5101510585433069,0.9998387432304863,0.9998939669307952,6.021258113447157,0.5713822668636027,0.9998456721744762,0.9999074022988735,6.89490635810569,0.5101510585433069,0.9998387432304863,0.9998939669307952,14.156312687576781,-0.00010886469673405913,0.9997823061585184,0.9997822976549754,13.044655753490611,0.08153233717765335,0.9997904842554775,0.9997993932311153,14.125341360476662,-0.00010862649555407271,0.9997827824054754,0.9997827739464141,13.044655753490611,0.08153233717765335,0.9997904842554775,0.9997993932311153,error1
2.0023402977720983,0.8571274587874015,0.999876830937709,0.9999692070818169,3.7236034147072035,0.7346652423698367,0.9998634509150431,0.9999427366989403,2.0017194976076556,0.8571274635619803,0.9998768691233151,0.9999692166287699,3.7236034147072035,0.7346652423698367,0.9998634509150431,0.9999427366989403,6.026878813624777,0.5713822236347263,0.9998455281169332,0.9999073158611382,6.89490635810569,0.5101510585433069,0.9998387432304863,0.9998939669307952,6.021258113447157,0.5713822668636027,0.9998456721744762,0.9999074022988735,6.89490635810569,0.5101510585433069,0.9998387432304863,0.9998939669307952,14.156312687576781,-0.00010886469673405913,0.9997823061585184,0.9997822976549754,13.044655753490611,0.08153233717765335,0.9997904842554775,0.9997993932311153,14.125341360476662,-0.00010862649555407271,0.9997827824054754,0.9997827739464141,13.044655753490611,0.08153233717765335,0.9997904842554775,0.9997993932311153,error1
57.89168424456111,0.994903333391291,0.050308317156420035,0.35546218126625767,107.83403738910573,0.9904541494948509,0.05215710772239666,0.3719837791854593,57.98661342527439,0.9949035157884271,0.05063066292238039,0.35944674257203013,106.94984098177238,0.990532419753705,0.05215054692873863,0.37192888459276907,290.171792693288,0.9740803123152937,0.04918383163498427,0.34238367146689136,307.4247440808339,0.9724319654038373,0.05046950499296469,0.3540428117449062,252.07969257090448,0.9775982133790754,0.05097535095945189,0.3635508423430004,305.0728237482383,0.9726428679993212,0.050216724168341366,0.3516789731147978,823.6939346749632,0.9241562257770911,0.047964772739959916,0.33115766411877334,1023.4806233171062,0.9044033007953171,0.04639152554364245,0.31275361621668474,719.1093727833736,0.9346176516917075,0.04933030193359089,0.346668980444801,1017.6153729560085,0.9049511019776703,0.04651640793342695,0.3143911656142627,error1
2.0023402977720983,0.8571274587874015,0.999876830937709,0.9999692070818169,3.7236034147072035,0.7346652423698367,0.9998634509150431,0.9999427366989403,2.0017194976076556,0.8571274635619803,0.9998768691233151,0.9999692166287699,3.7236034147072035,0.7346652423698367,0.9998634509150431,0.9999427366989403,6.026878813624777,0.5713822236347263,0.9998455281169332,0.9999073158611382,6.89490635810569,0.5101510585433069,0.9998387432304863,0.9998939669307952,6.021258113447157,0.5713822668636027,0.9998456721744762,0.9999074022988735,6.89490635810569,0.5101510585433069,0.9998387432304863,0.9998939669307952,14.156312687576781,-0.00010886469673405913,0.9997823061585184,0.9997822976549754,13.044655753490611,0.08153233717765335,0.9997904842554775,0.9997993932311153,14.125341360476662,-0.00010862649555407271,0.9997827824054754,0.9997827739464141,13.044655753490611,0.08153233717765335,0.9997904842554775,0.9997993932311153,error1
2.0023402977720983,0.8571274587874015,0.999876830937709,0.9999692070818169,3.7236034147072035,0.7346652423698367,0.9998634509150431,0.9999427366989403,2.0017194976076556,0.8571274635619803,0.9998768691233151,0.9999692166287699,3.7236034147072035,0.7346652423698367,0.9998634509150431,0.9999427366989403,6.026878813624777,0.5713822236347263,0.9998455281169332,0.9999073158611382,6.89490635810569,0.5101510585433069,0.9998387432304863,0.9998939669307952,6.021258113447157,0.5713822668636027,0.9998456721744762,0.9999074022988735,6.89490635810569,0.5101510585433069,0.9998387432304863,0.9998939669307952,14.156312687576781,-0.00010886469673405913,0.9997823061585184,0.9997822976549754,13.044655753490611,0.08153233717765335,0.9997904842554775,0.9997993932311153,14.125341360476662,-0.00010862649555407271,0.9997827824054754,0.9997827739464141,13.044655753490611,0.08153233717765335,0.9997904842554775,0.9997993932311153,error1
2.0023402977720983,0.8571274587874015,0.999876830937709,0.9999692070818169,3.7236034147072035,0.7346652423698367,0.9998634509150431,0.9999427366989403,2.0017194976076556,0.8571274635619803,0.9998768691233151,0.9999692166287699,3.7236034147072035,0.7346652423698367,0.9998634509150431,0.9999427366989403,6.026878813624777,0.5713822236347263,0.9998455281169332,0.9999073158611382,6.89490635810569,0.5101510585433069,0.9998387432304863,0.9998939669307952,6.021258113447157,0.5713822668636027,0.9998456721744762,0.9999074022988735,6.89490635810569,0.5101510585433069,0.9998387432304863,0.9998939669307952,14.156312687576781,-0.00010886469673405913,0.9997823061585184,0.9997822976549754,13.044655753490611,0.08153233717765335,0.9997904842554775,0.9997993932311153,14.125341360476662,-0.00010862649555407271,0.9997827824054754,0.9997827739464141,13.044655753490611,0.08153233717765335,0.9997904842554775,0.9997993932311153,error1
58.73354478128993,0.994809098744108,0.05148844408362258,0.3552815962947441,109.95785796720966,0.9902281051802988,0.0534009241118568,0.37225259408102274,59.552908633549116,0.9947455342702971,0.05182669118900375,0.3597467213044012,109.5468993648081,0.990264626846982,0.053438861977088026,0.3729893696323024,295.37529046993774,0.9735114482089162,0.05037083937121402,0.3426545930327197,310.9786295898666,0.9720032149173996,0.0517610554357727,0.35534169500987767,252.39018625652605,0.9774833280240007,0.052213573340159115,0.3643136198995009,310.0504106635563,0.9720867728218333,0.051567829914585764,0.35307738871099237,837.3896132169572,0.9225819038883923,0.0492245112266775,0.3330447677756353,1027.5701354339415,0.9036333484920195,0.04773217743749957,0.314234097094767,710.0628679599943,0.9351877907305178,0.050569404572114195,0.3478798273104744,1025.617419176519,0.9038164561203473,0.04778073185150413,0.3148263999836032,error1
59.58384930593895,0.9947287476948918,0.05159120726400794,0.35494445265979124,110.28789126853378,0.990189065285579,0.05354271870611337,0.3724082509133907,59.38265858077682,0.9947552577313182,0.051905618411229544,0.35951563288395544,110.40702279114433,0.99017846898225,0.05354635494050029,0.37227443710062724,297.2443522492801,0.9733182577461562,0.050455991310742056,0.34211303323107384,312.2777645234403,0.9718587517122641,0.051923149618926384,0.35516193147008024,253.8309029737548,0.977331700825815,0.0523429225183749,0.3646420902214451,313.05538324916824,0.9717886757378111,0.05170939835195457,0.35328286135729453,838.6884853681781,0.922391332618616,0.049300307026886474,0.331025392668024,1029.1519374453896,0.9033919261433573,0.04780104378084673,0.31403409854686926,713.6546628954462,0.9347915057197226,0.05062565049369202,0.34848094430094456,1031.7365011858274,0.9031492956774322,0.04784996478056691,0.31476452791317966,error1
59.305076730533635,0.9948089707711257,0.05061657780078245,0.3560587105748549,112.89150419790502,0.9900644402087923,0.0525238373708757,0.3741751858817787,61.933306800591055,0.9945879898991054,0.05095614398841161,0.36143096359767,112.57342809821247,0.9900924340296091,0.05254881792291798,0.3741282543596555,297.03806066490864,0.9736219232094429,0.049526136872954596,0.3429137830750812,317.5122138719896,0.9716949266314427,0.05092459627473068,0.35757983355641276,260.2296524446169,0.9770091193672981,0.05132207941192758,0.36631085856538426,317.081317569508,0.9717333375815121,0.0506821161096321,0.35480423602129907,839.193160486861,0.9231920417383432,0.04827600382781482,0.33344959240491534,1040.7750962927298,0.9033836345621576,0.04679668959068541,0.31615963892782384,724.1378276173924,0.9345553888912239,0.0496076886338374,0.3497701421029561,1040.5412275539863,0.9034053390774226,0.04686680273799804,0.317134951308724,error1
59.4063385997365,0.994744538517014,0.05158869668047916,0.35492936478685927,109.95831828313176,0.990218544863989,0.053540405256763915,0.37240065957616336,59.19722549605967,0.9947717217671448,0.05190351738385488,0.3595263617585727,110.07103621739248,0.9902085192589628,0.05354386772660691,0.37227239725311206,296.70675390879296,0.9733669545366607,0.05045340950586852,0.34212389029449447,311.65796077599725,0.9719150698116207,0.05191987150510986,0.35515601901496696,253.30150936574015,0.9773793517413273,0.05234024688470953,0.3646380069817531,312.4381243345218,0.9718447656679072,0.05170662838301719,0.3532829337904222,837.4725546430184,0.9225051294272208,0.04929572730005323,0.33101960686082543,1028.0090943133796,0.9035007985591187,0.04779686734681916,0.31403540578891187,712.4103551922259,0.9349062753122904,0.05062168948331074,0.3484740401025114,1030.644791276592,0.903253372235242,0.047845222153844257,0.31476328058544445,error1
59.38795054581287,0.9947461755857322,0.051589084969920374,0.35494312202927886,109.93632883736096,0.9902205201653773,0.05354061805778037,0.372399672634836,59.19120505558684,0.9947722637886979,0.05190356989834957,0.35952033784926885,110.04876926058728,0.990210519266002,0.05354451292576296,0.37227759329849547,296.6561652451202,0.9733715475998445,0.05045338272046471,0.342111771033104,311.6230576872948,0.9719182699319905,0.0519207676415016,0.3551619115076253,253.26128606956405,0.9773829881419809,0.05234117644400878,0.36463982199592804,312.3937046315073,0.9718488235097292,0.05170655248005648,0.35327682641542957,837.2958620367923,0.9225216292021383,0.04929658373500603,0.3310205157365708,1027.8852957435047,0.90351260450118,0.04779756403353462,0.31403214986408257,712.3113517874876,0.9349154475677198,0.050621772179907154,0.3484671944491001,1030.4932015549493,0.9032677874037064,0.04784668669366715,0.31476369904225643,error1
59.67153348891327,0.9947715546129972,0.05027992450932352,0.35616932581258887,113.01181624364588,0.9900436414309703,0.052162261428400275,0.37354921469783925,61.924467439487756,0.9945832411668891,0.05056526976347554,0.3604268808552805,113.08159925644662,0.9900374935444334,0.052185156951041194,0.37283956425357456,298.7072680929945,0.9734465336624083,0.04915644012783512,0.342822270441493,317.7157320149685,0.9716475513065538,0.05049436606249554,0.35675864501156934,260.20395177790317,0.9769878063084327,0.05096478892418565,0.3660137051815523,318.3866489058545,0.9715876798466982,0.05025525792421088,0.3541615116309433,844.0593625666168,0.9226680484578721,0.04791128386787856,0.33228892532518983,1042.6274273792328,0.9031131511636323,0.04640240905234522,0.31556881232171136,726.5645304298481,0.9342679946714599,0.049213431129679214,0.3485592852650104,1045.35419007115,0.9028597447830958,0.04645734575703222,0.31596151834389125,error1
57.80621058720798,0.9949108897191967,0.05030819254984828,0.35546465513493986,107.68061343153408,0.9904677898939356,0.05215674732708801,0.37198943420136177,57.92039297776525,0.9949093673604544,0.050630357937536716,0.35943944066999,106.79552722691594,0.9905461384405606,0.052150373080385906,0.37192240941916604,289.9308278807004,0.9741019961000045,0.049183722866319404,0.3423819332119922,307.16511811823756,0.972455416659122,0.050469038071631146,0.3540405763116963,251.86363235501625,0.9776175520741555,0.05097496013514508,0.3635457829994845,304.78659633031583,0.9726687034066961,0.05021704193735655,0.35167702498438624,823.1575567201082,0.9242060793875226,0.047963909655601995,0.3311556537341906,1023.0465615471032,0.9044444286464737,0.04639101936955317,0.3127482910856681,718.5956695985246,0.9346647593592112,0.04932905954815083,0.3466500285490512,1017.1174548404927,0.9049981908634346,0.046515435708767615,0.3143855108373075,error1
57.83719093882452,0.9948951237107306,0.05042649684143096,0.3547705812308087,106.55603079931987,0.9905434434261877,0.05242424661666563,0.3720659952119211,56.93133443568816,0.9949835289074423,0.050818997470241066,0.3599240336454936,105.96185985252271,0.9905961764109034,0.05244302928742969,0.3723323055237241,290.2466429067958,0.9740084189252952,0.04932837132135686,0.34234954785089156,305.6002977807821,0.9725278464256749,0.05081113370337729,0.35646994772969376,250.29477608649643,0.9777021020733769,0.0511892089507893,0.364230945595165,304.2872060298399,0.9726458706843494,0.05058674419407678,0.35394676482354503,821.1371168213192,0.9242067817374422,0.04812272627244553,0.33213386708584597,1019.0719164036447,0.904598766262634,0.04663299826876219,0.31378556691081516,716.9321224641793,0.9346656708573813,0.049619706806112544,0.3481210526950333,1016.0830078995704,0.9048784923115746,0.04677120581610999,0.31552270723429754,error1
2.0023402977720983,0.8571274587874015,0.999876830937709,0.9999692070818169,3.7236034147072035,0.7346652423698367,0.9998634509150431,0.9999427366989403,2.0017194976076556,0.8571274635619803,0.9998768691233151,0.9999692166287699,3.7236034147072035,0.7346652423698367,0.9998634509150431,0.9999427366989403,6.026878813624777,0.5713822236347263,0.9998455281169332,0.9999073158611382,6.89490635810569,0.5101510585433069,0.9998387432304863,0.9998939669307952,6.021258113447157,0.5713822668636027,0.9998456721744762,0.9999074022988735,6.89490635810569,0.5101510585433069,0.9998387432304863,0.9998939669307952,14.156312687576781,-0.00010886469673405913,0.9997823061585184,0.9997822976549754,13.044655753490611,0.08153233717765335,0.9997904842554775,0.9997993932311153,14.125341360476662,-0.00010862649555407271,0.9997827824054754,0.9997827739464141,13.044655753490611,0.08153233717765335,0.9997904842554775,0.9997993932311153,error1
59.76599001854202,0.9947857595944285,0.050359810448153026,0.35442852349174603,114.08951052339462,0.9899916061062604,0.05224619069663834,0.37183944177522404,62.70668932943991,0.9945383141848598,0.0506940002070143,0.35958871329486336,113.7122937388225,0.9900246970979348,0.05227434155078146,0.3728194777097498,298.7932692625981,0.9735519407353828,0.04923080333093126,0.3424873718827527,319.4993284469009,0.9716094376635629,0.050617475618864594,0.3553728339215887,261.510523229152,0.9769711028039741,0.05109634774406504,0.3643761406654341,318.7638430509718,0.9716747946107276,0.05038450694603955,0.3531250025638804,842.893886246554,0.9230993335049185,0.048011693219326294,0.3322272393589874,1045.5575973180694,0.9032470194939488,0.04655997040347525,0.31531585311335525,726.7323068875017,0.9345339707919484,0.04933735071385154,0.34720586335103665,1044.2970653007364,0.9033636168956707,0.04663793088301039,0.31565926652613824,error1
2.0023402977720983,0.8571274587874015,0.999876830937709,0.9999692070818169,3.7236034147072035,0.7346652423698367,0.9998634509150431,0.9999427366989403,2.0017194976076556,0.8571274635619803,0.9998768691233151,0.9999692166287699,3.7236034147072035,0.7346652423698367,0.9998634509150431,0.9999427366989403,6.026878813624777,0.5713822236347263,0.9998455281169332,0.9999073158611382,6.89490635810569,0.5101510585433069,0.9998387432304863,0.9998939669307952,6.021258113447157,0.5713822668636027,0.9998456721744762,0.9999074022988735,6.89490635810569,0.5101510585433069,0.9998387432304863,0.9998939669307952,14.156312687576781,-0.00010886469673405913,0.9997823061585184,0.9997822976549754,13.044655753490611,0.08153233717765335,0.9997904842554775,0.9997993932311153,14.125341360476662,-0.00010862649555407271,0.9997827824054754,0.9997827739464141,13.044655753490611,0.08153233717765335,0.9997904842554775,0.9997993932311153,error1
2.0023402977720983,0.8571274587874015,0.999876830937709,0.9999692070818169,3.7236034147072035,0.7346652423698367,0.9998634509150431,0.9999427366989403,2.0017194976076556,0.8571274635619803,0.9998768691233151,0.9999692166287699,3.7236034147072035,0.7346652423698367,0.9998634509150431,0.9999427366989403,6.026878813624777,0.5713822236347263,0.9998455281169332,0.9999073158611382,6.89490635810569,0.5101510585433069,0.9998387432304863,0.9998939669307952,6.021258113447157,0.5713822668636027,0.9998456721744762,0.9999074022988735,6.89490635810569,0.5101510585433069,0.9998387432304863,0.9998939669307952,14.156312687576781,-0.00010886469673405913,0.9997823061585184,0.9997822976549754,13.044655753490611,0.08153233717765335,0.9997904842554775,0.9997993932311153,14.125341360476662,-0.00010862649555407271,0.9997827824054754,0.9997827739464141,13.044655753490611,0.08153233717765335,0.9997904842554775,0.9997993932311153,error1
58.430845740504076,0.9948603478025781,0.05031083364786099,0.3555565202740378,108.93753579011357,0.9903649454908025,0.05216075555004694,0.3720591994823309,58.53747713200113,0.994859569605424,0.05063334952671458,0.359533915935686,108.06052824005145,0.9904425110688447,0.05215374030082272,0.372000014486515,291.8462192013595,0.9739540231840312,0.04918509584884814,0.34246163138276087,309.72462346636263,0.9722507005487728,0.0504715126619683,0.3541121124928998,253.7508554395372,0.9774696723249003,0.05097592024068623,0.36360390137722337,307.3549688302163,0.9724630023535448,0.05021710748303932,0.35172462572687135,827.6161248830942,0.9238666868913455,0.04796241947769097,0.3311829680492275,1029.603129067922,0.9039240343603596,0.046385396382582156,0.31271989289165025,723.0332804298482,0.9343214386927656,0.04932534390857356,0.34664710175472746,1023.7192487383868,0.9044730463500924,0.04651016741390875,0.3143796460736466,error2
3.1465347536418684,0.9090667078421248,0.9997096921699641,0.9999516111285696,6.015051669911637,0.8264000168233339,0.9996872758710326,0.999907497744442,3.145559210526316,0.909066715347411,0.999709782166959,0.9999516261309241,6.015051669911637,0.8264000168233339,0.9996872758710326,0.999907497744442,9.470809564267508,0.7271998834498836,0.999660177099278,0.9998543534960743,11.491510596842817,0.6693331017282523,0.9996443657692038,0.9998232782179921,9.461977035416961,0.7271999514025594,0.9996604939974497,0.9998544893268013,11.491510596842817,0.6693331017282523,0.9996443657692038,0.9998232782179921,22.245634223334942,0.36346526317150374,0.9995601796923586,0.9996578963149614,24.639905312148933,0.297331145180828,0.9995408654687262,0.9996210761032179,22.196964995034755,0.36346563760729594,0.9995611418614015,0.9996586447729364,24.639905312148933,0.297331145180828,0.9995408654687262,0.9996210761032179,error2
3.1465347536418684,0.9090667078421248,0.9997096921699641,0.9999516111285696,6.015051669911637,0.8264000168233339,0.9996872758710326,0.999907497744442,3.145559210526316,0.909066715347411,0.999709782166959,0.9999516261309241,6.015051669911637,0.8264000168233339,0.9996872758710326,0.999907497744442,9.470809564267508,0.7271998834498836,0.999660177099278,0.9998543534960743,11.491510596842817,0.6693331017282523,0.9996443657692038,0.9998232782179921,9.461977035416961,0.7271999514025594,0.9996604939974497,0.9998544893268013,11.491510596842817,0.6693331017282523,0.9996443657692038,0.9998232782179921,22.245634223334942,0.36346526317150374,0.9995601796923586,0.9996578963149614,24.639905312148933,0.297331145180828,0.9995408654687262,0.9996210761032179,22.196964995034755,0.36346563760729594,0.9995611418614015,0.9996586447729364,24.639905312148933,0.297331145180828,0.9995408654687262,0.9996210761032179,error2
3.1465347536418684,0.9090667078421248,0.9997096921699641,0.9999516111285696,6.015051669911637,0.8264000168233339,0.9996872758710326,0.999907497744442,3.145559210526316,0.909066715347411,0.999709782166959,0.9999516261309241,6.015051669911637,0.8264000168233339,0.9996872758710326,0.999907497744442,9.470809564267508,0.7271998834498836,0.999660177099278,0.9998543534960743,11.491510596842817,0.6693331017282523,0.9996443657692038,0.9998232782179921,9.461977035416961,0.7271999514025594,0.9996604939974497,0.9998544893268013,11.491510596842817,0.6693331017282523,0.9996443657692038,0.9998232782179921,22.245634223334942,0.36346526317150374,0.9995601796923586,0.9996578963149614,24.639905312148933,0.297331145180828,0.9995408654687262,0.9996210761032179,22.196964995034755,0.36346563760729594,0.9995611418614015,0.9996586447729364,24.639905312148933,0.297331145180828,0.9995408654687262,0.9996210761032179,error2
3.1465347536418684,0.9090667078421248,0.9997096921699641,0.9999516111285696,6.015051669911637,0.8264000168233339,0.9996872758710326,0.999907497744442,3.145559210526316,0.909066715347411,0.999709782166959,0.9999516261309241,6.015051669911637,0.8264000168233339,0.9996872758710326,0.999907497744442,9.470809564267508,0.7271998834498836,0.999660177099278,0.9998543534960743,11.491510596842817,0.6693331017282523,0.9996443657692038,0.9998232782179921,9.461977035416961,0.7271999514025594,0.9996604939974497,0.9998544893268013,11.491510596842817,0.6693331017282523,0.9996443657692038,0.9998232782179921,22.245634223334942,0.36346526317150374,0.9995601796923586,0.9996578963149614,24.639905312148933,0.297331145180828,0.9995408654687262,0.9996210761032179,22.196964995034755,0.36346563760729594,0.9995611418614015,0.9996586447729364,24.639905312148933,0.297331145180828,0.9995408654687262,0.9996210761032179,error2
59.163334748363,0.9947777930217827,0.05150148104932424,0.3555030624918595,116.53436731889101,0.989657726671971,0.053463345034726314,0.37402789022345917,65.72114014565155,0.9942086455713577,0.05187635207007377,0.3617025004761114,116.1386586085685,0.9896928452965922,0.0535024787614285,0.37478005965758554,294.678456123316,0.9736125095824341,0.05041390239718881,0.34375935095071364,322.5118560048776,0.971009323194137,0.051869409774246894,0.3575754774880627,269.42996639974604,0.9759975727464606,0.052353831569891957,0.36746617449419233,322.16144445769874,0.9710408237986057,0.05159963807288445,0.35469838801186876,834.0783185123149,0.9230310729472272,0.04926682390691197,0.3332786087276746,1049.5713925890261,0.9017782220852959,0.047775054739271496,0.31629101242736507,742.9227971166123,0.9323097702516248,0.05060055316123928,0.350106769620843,1049.976049412436,0.9017402961896361,0.04783252238613883,0.3167030917618393,error2
3.1465347536418684,0.9090667078421248,0.9997096921699641,0.9999516111285696,6.015051669911637,0.8264000168233339,0.9996872758710326,0.999907497744442,3.145559210526316,0.909066715347411,0.999709782166959,0.9999516261309241,6.015051669911637,0.8264000168233339,0.9996872758710326,0.999907497744442,9.470809564267508,0.7271998834498836,0.999660177099278,0.9998543534960743,11.491510596842817,0.6693331017282523,0.9996443657692038,0.9998232782179921,9.461977035416961,0.7271999514025594,0.9996604939974497,0.9998544893268013,11.491510596842817,0.6693331017282523,0.9996443657692038,0.9998232782179921,22.245634223334942,0.36346526317150374,0.9995601796923586,0.9996578963149614,24.639905312148933,0.297331145180828,0.9995408654687262,0.9996210761032179,22.196964995034755,0.36346563760729594,0.9995611418614015,0.9996586447729364,24.639905312148933,0.297331145180828,0.9995408654687262,0.9996210761032179,error2
3.1465347536418684,0.9090667078421248,0.9997096921699641,0.9999516111285696,6.015051669911637,0.8264000168233339,0.9996872758710326,0.999907497744442,3.145559210526316,0.909066715347411,0.999709782166959,0.9999516261309241,6.015051669911637,0.8264000168233339,0.9996872758710326,0.999907497744442,9.470809564267508,0.7271998834498836,0.999660177099278,0.9998543534960743,11.491510596842817,0.6693331017282523,0.9996443657692038,0.9998232782179921,9.461977035416961,0.7271999514025594,0.9996604939974497,0.9998544893268013,11.491510596842817,0.6693331017282523,0.9996443657692038,0.9998232782179921,22.245634223334942,0.36346526317150374,0.9995601796923586,0.9996578963149614,24.639905312148933,0.297331145180828,0.9995408654687262,0.9996210761032179,22.196964995034755,0.36346563760729594,0.9995611418614015,0.9996586447729364,24.639905312148933,0.297331145180828,0.9995408654687262,0.9996210761032179,error2
60.42573183794757,0.9946586752718932,0.05159324702316954,0.35502155215589254,111.98406954514623,0.9900464744234025,0.05354684363643387,0.3724927036666363,60.232763245848574,0.9946845487728279,0.05190814264748678,0.35961489175551864,112.09781823467745,0.9900363654090488,0.05354973563399549,0.37235050121236984,299.75259133389983,0.9731158829716999,0.05045613029792932,0.3421764715365588,315.6482806915229,0.9715792683593684,0.051924496105878355,0.35521226301225817,256.4082320622266,0.9771207464036692,0.052345120380712484,0.3647128402312492,316.42494510495226,0.9715093380623444,0.05171050483052731,0.353334812937535,844.6164247837938,0.9219126060996214,0.049296641822881175,0.3310389964766063,1037.565684124182,0.9026913988820344,0.0477954684334678,0.314031142357339,719.6676789260888,0.934299602817312,0.050622850935896406,0.3484968961514525,1040.2828866420584,0.9024365511455674,0.047844549084966825,0.31475193656243333,error2
3.1465347536418684,0.9090667078421248,0.9997096921699641,0.9999516111285696,6.015051669911637,0.8264000168233339,0.9996872758710326,0.999907497744442,3.145559210526316,0.909066715347411,0.999709782166959,0.9999516261309241,6.015051669911637,0.8264000168233339,0.9996872758710326,0.999907497744442,9.470809564267508,0.7271998834498836,0.999660177099278,0.9998543534960743,11.491510596842817,0.6693331017282523,0.9996443657692038,0.9998232782179921,9.461977035416961,0.7271999514025594,0.9996604939974497,0.9998544893268013,11.491510596842817,0.6693331017282523,0.9996443657692038,0.9998232782179921,22.245634223334942,0.36346526317150374,0.9995601796923586,0.9996578963149614,24.639905312148933,0.297331145180828,0.9995408654687262,0.9996210761032179,22.196964995034755,0.36346563760729594,0.9995611418614015,0.9996586447729364,24.639905312148933,0.297331145180828,0.9995408654687262,0.9996210761032179,error2
58.78296817502963,0.9948291433576524,0.05031110948397924,0.3555335045788464,109.58362993242827,0.9903073680535028,0.05216222420684582,0.3720579078849278,58.85754116239797,0.9948312321724639,0.05063385473220499,0.3595192814538171,108.70868389290717,0.9903847547468055,0.05215556570128575,0.3720004284079596,292.8425934303589,0.9738639342163161,0.04918588153525281,0.342454541030999,310.9185697686234,0.9721424879578083,0.05047209908822948,0.35410434075872765,254.72189837025542,0.9773824442012177,0.05097774945464375,0.3636144928988861,308.55530814125586,0.9723542264224847,0.050219604690397476,0.35173025799219737,829.9722336381953,0.9236465498561518,0.047964980830634316,0.3312002751501915,1032.2237758340912,0.903675220108652,0.04638767465297331,0.31274411142430864,725.3227097815293,0.9341105408917963,0.04932872059034764,0.3466881487925209,1026.312273756665,0.904226833961789,0.04651190127968268,0.31437450425347135,error2
60.2073495027967,0.9946781725820869,0.05158356799409053,0.35501725995999905,111.58015884203017,0.9900827359956592,0.05353655963016457,0.37247416252981674,60.02728108288771,0.994702874745169,0.05189911648039734,0.3596088083162011,111.68922067853651,0.990073043912221,0.05353955519943383,0.37233521926259144,299.13083008749965,0.9731726238013584,0.05044507588070435,0.34217212242580564,314.9107209917779,0.9716467098518755,0.051913462121123646,0.35520705813210424,255.74346294271197,0.9771808934728496,0.05233424703748871,0.3647098810196051,315.6626130484534,0.9715790125035716,0.051698192421218654,0.3533155934355964,843.1418596953454,0.9220517802026308,0.04928297016376893,0.3310379926740238,1036.0243005403095,0.902839508513857,0.0477805621752376,0.31402141320403554,718.1483942757839,0.9344406906982035,0.050608189151295196,0.3484791725767151,1038.5791740223613,0.9025998936627515,0.04783042629212422,0.31474382995306105,error2
60.369069797621435,0.9947149386655972,0.05027802398839431,0.35626446750924157,114.44449118572099,0.9899260891216937,0.052161391329838984,0.373623295291167,62.64375835561496,0.9945249735444366,0.05056351113610615,0.3605077928008211,114.51815054312877,0.9899196053067049,0.05218360497569103,0.37290897111915006,300.8182833309426,0.973282220480079,0.04915319369700514,0.34288752255530003,320.5700094105796,0.971417990596803,0.0504901734404803,0.35680885380806715,262.343397241428,0.9768186802103128,0.05096156473613919,0.3660779609524203,321.250142484128,0.9713573500603203,0.050252903027469334,0.35422998624910457,849.033933208782,0.922283805971453,0.04790273872889746,0.33230686147920807,1049.8956917919363,0.9025296963767968,0.04638943679355433,0.3155582232022928,731.5880931692437,0.9338731469893163,0.0492039131559055,0.3485762659725799,1052.6270417625137,0.902276102843529,0.04644435011714983,0.3159513766982166,error2
60.312280184672375,0.9946688179962586,0.051587420476613514,0.35502558718832683,111.75595547489628,0.9900669628971648,0.0535409209834948,0.37247487103641336,60.10856802350126,0.9946956223765373,0.05190273776441746,0.35962043144363093,111.87059836664935,0.990056774618694,0.05354385053598703,0.37234380627376606,299.41024616844504,0.9731471636832778,0.05044972336279382,0.3421710273968884,315.20181716966874,0.9716200772215995,0.051918120260792795,0.3552146030861587,256.01714627134186,0.9771561327902312,0.05233881170857296,0.364707764394806,315.9811589592694,0.9715499073629992,0.05170321853843745,0.3533283434916582,843.758371117119,0.9219936196782795,0.04928956045401216,0.3310340332309831,1036.625300914781,0.9027816958157879,0.04778645848159388,0.3140191361214019,718.7627943679955,0.9343836241995269,0.05061463252488007,0.34848936960951427,1039.2857977139392,0.9025321716625521,0.04783627072642417,0.31475970136497244,error2
59.448690511016316,0.9948301838805509,0.0504717911209312,0.35579737525139454,114.08222255503968,0.9900247334145186,0.05239474526462922,0.37337366814191014,62.82539843090346,0.9945455611823046,0.05083919861743914,0.36054755878336525,113.44154648530072,0.9900807536718301,0.05244459971558796,0.3736085821775594,296.6787650751967,0.9738255947257776,0.049403209282764725,0.34365124108801265,318.47139713971393,0.9717937130399862,0.05074141322497369,0.35664065437176423,260.31847043883164,0.9771502038071818,0.05117590745924412,0.36499718790571545,316.75034571730265,0.971946148569006,0.050484597984562056,0.3540888832070378,840.3398696875922,0.9235953690391131,0.048111753286378005,0.3332051390186155,1041.8648067904205,0.9039183964293424,0.04663101058113494,0.315432845523917,722.7961834125408,0.9350988266499446,0.04943176421554137,0.3475013697111931,1037.2554922520017,0.9043435140021502,0.04665155207758207,0.31556124198143415,error2
58.235736610923304,0.9948645033377728,0.050425639801200794,0.35486112563107103,107.39244024702887,0.9904777426222298,0.052424727035381424,0.37214410862731273,57.326620989304814,0.9949531642259558,0.05081864678266374,0.3600299226453728,106.79926481600577,0.9905303401638845,0.05244382806968,0.37241611120514495,291.453867967207,0.973924017302779,0.04932551289181123,0.34241875934817917,307.3589583857985,0.9723950159466491,0.05080920954243683,0.35653280090739575,251.4802433152251,0.9776166754278753,0.051186744060812396,0.36429016655966634,306.06088379922335,0.97251158345713,0.05058460565391985,0.3540164064075339,823.973008937041,0.9240176382011546,0.04811444248982173,0.3321442901545373,1024.097902066727,0.9042219934320818,0.04662109660860773,0.31375747310027413,719.7229837565612,0.9344727360839947,0.049610731202567274,0.34814756319493984,1021.1614641844542,0.904496538382583,0.04675995327380341,0.31550547581613164,error2
3.1465347536418684,0.9090667078421248,0.9997096921699641,0.9999516111285696,6.015051669911637,0.8264000168233339,0.9996872758710326,0.999907497744442,3.145559210526316,0.909066715347411,0.999709782166959,0.9999516261309241,6.015051669911637,0.8264000168233339,0.9996872758710326,0.999907497744442,9.470809564267508,0.7271998834498836,0.999660177099278,0.9998543534960743,11.491510596842817,0.6693331017282523,0.9996443657692038,0.9998232782179921,9.461977035416961,0.7271999514025594,0.9996604939974497,0.9998544893268013,11.491510596842817,0.6693331017282523,0.9996443657692038,0.9998232782179921,22.245634223334942,0.36346526317150374,0.9995601796923586,0.9996578963149614,24.639905312148933,0.297331145180828,0.9995408654687262,0.9996210761032179,22.196964995034755,0.36346563760729594,0.9995611418614015,0.9996586447729364,24.639905312148933,0.297331145180828,0.9995408654687262,0.9996210761032179,error2
3.1465347536418684,0.9090667078421248,0.9997096921699641,0.9999516111285696,6.015051669911637,0.8264000168233339,0.9996872758710326,0.999907497744442,3.145559210526316,0.909066715347411,0.999709782166959,0.9999516261309241,6.015051669911637,0.8264000168233339,0.9996872758710326,0.999907497744442,9.470809564267508,0.7271998834498836,0.999660177099278,0.9998543534960743,11.491510596842817,0.6693331017282523,0.9996443657692038,0.9998232782179921,9.461977035416961,0.7271999514025594,0.9996604939974497,0.9998544893268013,11.491510596842817,0.6693331017282523,0.9996443657692038,0.9998232782179921,22.245634223334942,0.36346526317150374,0.9995601796923586,0.9996578963149614,24.639905312148933,0.297331145180828,0.9995408654687262,0.9996210761032179,22.196964995034755,0.36346563760729594,0.9995611418614015,0.9996586447729364,24.639905312148933,0.297331145180828,0.9995408654687262,0.9996210761032179,error2
59.42218399931375,0.9948346251019659,0.05010903035301637,0.35662315312652293,113.51408258375992,0.990078658234283,0.05201592588146558,0.373390903997485,62.46842017309316,0.9945788272741368,0.0504522183471538,0.3613091783321687,113.23579628047115,0.9901029809781515,0.05199385767592345,0.3728519821056636,296.8672919264253,0.9738203148411775,0.04901525982035834,0.34327142437949876,317.6592685372955,0.9718787331903587,0.05039939238247593,0.3570550114601672,260.8630414844081,0.9771129749571404,0.05080628176130561,0.36633304084544727,317.7112763485184,0.9718741310971626,0.05010788317127587,0.3539007315569936,839.3602873715148,0.9237196510124184,0.04775407733979963,0.3323920750912214,1040.3048400470766,0.9041185633994655,0.0462101865905078,0.31493950874582544,725.5552161654136,0.9348925344703636,0.04906530905125586,0.34903604289681356,1041.2352752367196,0.9040328586718048,0.04626470701368492,0.31570343924359073,error2
3.1465347536418684,0.9090667078421248,0.9997096921699641,0.9999516111285696,6.015051669911637,0.8264000168233339,0.9996872758710326,0.999907497744442,3.145559210526316,0.909066715347411,0.999709782166959,0.9999516261309241,6.015051669911637,0.8264000168233339,0.9996872758710326,0.999907497744442,9.470809564267508,0.7271998834498836,0.999660177099278,0.9998543534960743,11.491510596842817,0.6693331017282523,0.9996443657692038,0.9998232782179921,9.461977035416961,0.7271999514025594,0.9996604939974497,0.9998544893268013,11.491510596842817,0.6693331017282523,0.9996443657692038,0.9998232782179921,22.245634223334942,0.36346526317150374,0.9995601796923586,0.9996578963149614,24.639905312148933,0.297331145180828,0.9995408654687262,0.9996210761032179,22.196964995034755,0.36346563760729594,0.9995611418614015,0.9996586447729364,24.639905312148933,0.297331145180828,0.9995408654687262,0.9996210761032179,error2
60.96535523476662,0.99464615352272,0.05057827025399652,0.3562767916267944,119.5118426732682,0.9894476842007223,0.05252980994144409,0.37435363862325804,67.04530942161553,0.9941219330354776,0.05090028722058951,0.36139357878849954,119.47156833378853,0.9894512402376802,0.05249367663466541,0.3741796846779404,300.7430778227719,0.9732087547298541,0.04945046668081639,0.3432274378168455,330.31944720576473,0.9704608670305038,0.0508421557771273,0.3576076859874051,276.5176247001552,0.975491603330733,0.05124692303829229,0.36633644154513434,330.6755713723983,0.9704290264950713,0.05056149215693754,0.3550569064863231,846.3508771540091,0.9223134024655045,0.04818764104197024,0.3331126700217301,1073.4610304213697,0.9000733257424167,0.04660555462645506,0.31475094150266925,765.2412864413393,0.9306319694839523,0.04953594679306269,0.34895186298851627,1075.3008724299648,0.8999020302849697,0.046759791448626326,0.31713166559333855,error3
5.43492366538141,0.9473265968113015,0.9991644642831291,0.9999164192220746,10.597948180320504,0.8974253690276714,0.9991236790087171,0.9998370198354455,5.433238636363636,0.947326609788677,0.9991647232419794,0.9999164451352326,10.597948180320504,0.8974253690276714,0.9991236790087171,0.9998370198354455,16.35867106555297,0.841979375317335,0.9990777990321468,0.9997484287659467,20.68471907431707,0.8003948376303568,0.9990437079502128,0.9996819007923858,16.34341487935657,0.8419794928145417,0.9990786588569919,0.9997486633826568,20.68471907431707,0.8003948376303568,0.9990437079502128,0.9996819007923858,38.424277294851265,0.631283252507731,0.998902801390995,0.9994090936349329,47.830404429465574,0.5425682071733035,0.9988277778236059,0.9992644418474231,38.34021226415094,0.6312838999500859,0.9989052013818246,0.9994103864259811,47.830404429465574,0.5425682071733035,0.9988277778236059,0.9992644418474231,error3
61.771167707409994,0.9946420137302092,0.05049827735571699,0.35613938839553505,118.71650265617703,0.9896464659260835,0.05242885857489433,0.3736761517149185,65.1697773008725,0.9943565150310998,0.05086660113734434,0.36088422635842543,118.06855403536285,0.9897029749952762,0.05247898223299652,0.37393201384403313,303.66144832228093,0.9732802840403326,0.04942779980449123,0.34393667075823836,327.6536796249906,0.9710576731779015,0.05077103756615198,0.3569228351391447,267.32906642443913,0.9765962344186304,0.051205367306471065,0.36532281135077405,325.9185344237235,0.9712109481958003,0.0505127752370699,0.35435317128397664,856.6854397099628,0.9223267493952348,0.04813362598770737,0.3333992346307435,1064.2254943918401,0.9021378446716776,0.04664549010332212,0.3155621382132417,739.2941396829337,0.9337988518295876,0.04945180804174465,0.3477217096120966,1059.6006883146988,0.9025631679155506,0.04666779546099456,0.3157509866874753,error3
5.43492366538141,0.9473265968113015,0.9991644642831291,0.9999164192220746,10.597948180320504,0.8974253690276714,0.9991236790087171,0.9998370198354455,5.433238636363636,0.947326609788677,0.9991647232419794,0.9999164451352326,10.597948180320504,0.8974253690276714,0.9991236790087171,0.9998370198354455,16.35867106555297,0.841979375317335,0.9990777990321468,0.9997484287659467,20.68471907431707,0.8003948376303568,0.9990437079502128,0.9996819007923858,16.34341487935657,0.8419794928145417,0.9990786588569919,0.9997486633826568,20.68471907431707,0.8003948376303568,0.9990437079502128,0.9996819007923858,38.424277294851265,0.631283252507731,0.998902801390995,0.9994090936349329,47.830404429465574,0.5425682071733035,0.9988277778236059,0.9992644418474231,38.34021226415094,0.6312838999500859,0.9989052013818246,0.9994103864259811,47.830404429465574,0.5425682071733035,0.9988277778236059,0.9992644418474231,error3
5.43492366538141,0.9473265968113015,0.9991644642831291,0.9999164192220746,10.597948180320504,0.8974253690276714,0.9991236790087171,0.9998370198354455,5.433238636363636,0.947326609788677,0.9991647232419794,0.9999164451352326,10.597948180320504,0.8974253690276714,0.9991236790087171,0.9998370198354455,16.35867106555297,0.841979375317335,0.9990777990321468,0.9997484287659467,20.68471907431707,0.8003948376303568,0.9990437079502128,0.9996819007923858,16.34341487935657,0.8419794928145417,0.9990786588569919,0.9997486633826568,20.68471907431707,0.8003948376303568,0.9990437079502128,0.9996819007923858,38.424277294851265,0.631283252507731,0.998902801390995,0.9994090936349329,47.830404429465574,0.5425682071733035,0.9988277778236059,0.9992644418474231,38.34021226415094,0.6312838999500859,0.9989052013818246,0.9994103864259811,47.830404429465574,0.5425682071733035,0.9988277778236059,0.9992644418474231,error3
5.43492366538141,0.9473265968113015,0.9991644642831291,0.9999164192220746,10.597948180320504,0.8974253690276714,0.9991236790087171,0.9998370198354455,5.433238636363636,0.947326609788677,0.9991647232419794,0.9999164451352326,10.597948180320504,0.8974253690276714,0.9991236790087171,0.9998370198354455,16.35867106555297,0.841979375317335,0.9990777990321468,0.9997484287659467,20.68471907431707,0.8003948376303568,0.9990437079502128,0.9996819007923858,16.34341487935657,0.8419794928145417,0.9990786588569919,0.9997486633826568,20.68471907431707,0.8003948376303568,0.9990437079502128,0.9996819007923858,38.424277294851265,0.631283252507731,0.998902801390995,0.9994090936349329,47.830404429465574,0.5425682071733035,0.9988277778236059,0.9992644418474231,38.34021226415094,0.6312838999500859,0.9989052013818246,0.9994103864259811,47.830404429465574,0.5425682071733035,0.9988277778236059,0.9992644418474231,error3
5.43492366538141,0.9473265968113015,0.9991644642831291,0.9999164192220746,10.597948180320504,0.8974253690276714,0.9991236790087171,0.9998370198354455,5.433238636363636,0.947326609788677,0.9991647232419794,0.9999164451352326,10.597948180320504,0.8974253690276714,0.9991236790087171,0.9998370198354455,16.35867106555297,0.841979375317335,0.9990777990321468,0.9997484287659467,20.68471907431707,0.8003948376303568,0.9990437079502128,0.9996819007923858,16.34341487935657,0.8419794928145417,0.9990786588569919,0.9997486633826568,20.68471907431707,0.8003948376303568,0.9990437079502128,0.9996819007923858,38.424277294851265,0.631283252507731,0.998902801390995,0.9994090936349329,47.830404429465574,0.5425682071733035,0.9988277778236059,0.9992644418474231,38.34021226415094,0.6312838999500859,0.9989052013818246,0.9994103864259811,47.830404429465574,0.5425682071733035,0.9988277778236059,0.9992644418474231,error3
5.43492366538141,0.9473265968113015,0.9991644642831291,0.9999164192220746,10.597948180320504,0.8974253690276714,0.9991236790087171,0.9998370198354455,5.433238636363636,0.947326609788677,0.9991647232419794,0.9999164451352326,10.597948180320504,0.8974253690276714,0.9991236790087171,0.9998370198354455,16.35867106555297,0.841979375317335,0.9990777990321468,0.9997484287659467,20.68471907431707,0.8003948376303568,0.9990437079502128,0.9996819007923858,16.34341487935657,0.8419794928145417,0.9990786588569919,0.9997486633826568,20.68471907431707,0.8003948376303568,0.9990437079502128,0.9996819007923858,38.424277294851265,0.631283252507731,0.998902801390995,0.9994090936349329,47.830404429465574,0.5425682071733035,0.9988277778236059,0.9992644418474231,38.34021226415094,0.6312838999500859,0.9989052013818246,0.9994103864259811,47.830404429465574,0.5425682071733035,0.9988277778236059,0.9992644418474231,error3
59.998636292651604,0.9947236647589113,0.05041784949813628,0.3551899403718736,110.90563303350396,0.990193685904097,0.05242304939073844,0.3724552683343478,59.09297600619195,0.9948119967426204,0.050813287578672414,0.360369803784715,110.3207609088266,0.9902454024978322,0.052441898512110986,0.3727218740697628,296.7605313972349,0.9735245410317751,0.04931194433483042,0.34272855910816,314.3590069850358,0.9718469741708046,0.050798426020852765,0.3567905060841298,256.7710663009736,0.9772100177176568,0.05117863928722973,0.36458254011988384,313.0804074383342,0.9719614642201112,0.05057246013347143,0.35425501900966905,836.4353180835678,0.9230991415214006,0.048088610800537473,0.3323464841295577,1041.3662957613365,0.9029057515002842,0.04658346893655024,0.3139073044912791,732.0979394240317,0.9335412944001412,0.04958163899036285,0.3483506593295719,1038.469774782004,0.9031757313918454,0.04672117091051314,0.31563977646866026,error3
60.70601328954805,0.9947380742354411,0.05012161420641532,0.3569497914279711,116.10578896827563,0.989881356049413,0.0520354058400047,0.3737071276913916,63.75266939909935,0.9944831112026318,0.05046539746726396,0.3616148772341544,115.82086882978443,0.9899061869033376,0.052012401403454034,0.3731356213418141,300.7647022476249,0.9735541535237704,0.04902374828958629,0.34355143705124286,322.88902805943246,0.9714999040145719,0.050411652975348074,0.35729144797230517,264.7579855721744,0.9768385940027938,0.050819116021182276,0.36663984557481744,322.93079026778184,0.9714962198313792,0.0501203951008936,0.35416084833071226,848.5082672626176,0.9231255048910111,0.04775483232482165,0.3325753501315394,1053.6471696178605,0.9031949241415993,0.046202142753295226,0.31509744566102715,734.695470988793,0.9342711101127023,0.04906156745288578,0.34921558206400843,1054.5015157188968,0.9031164807668878,0.0462561769839336,0.3158317471608314,error3
5.43492366538141,0.9473265968113015,0.9991644642831291,0.9999164192220746,10.597948180320504,0.8974253690276714,0.9991236790087171,0.9998370198354455,5.433238636363636,0.947326609788677,0.9991647232419794,0.9999164451352326,10.597948180320504,0.8974253690276714,0.9991236790087171,0.9998370198354455,16.35867106555297,0.841979375317335,0.9990777990321468,0.9997484287659467,20.68471907431707,0.8003948376303568,0.9990437079502128,0.9996819007923858,16.34341487935657,0.8419794928145417,0.9990786588569919,0.9997486633826568,20.68471907431707,0.8003948376303568,0.9990437079502128,0.9996819007923858,38.424277294851265,0.631283252507731,0.998902801390995,0.9994090936349329,47.830404429465574,0.5425682071733035,0.9988277778236059,0.9992644418474231,38.34021226415094,0.6312838999500859,0.9989052013818246,0.9994103864259811,47.830404429465574,0.5425682071733035,0.9988277778236059,0.9992644418474231,error3
61.378928082033596,0.9946473061958245,0.05062191617784685,0.356468604657803,117.0269560122986,0.9897389254503219,0.05253540517596559,0.3745398340278992,63.97766632071489,0.9944299557854597,0.05096318444211376,0.361829341250747,116.70354993877137,0.9897672821162204,0.05256101447543172,0.3745035702788823,303.2370521576978,0.973173501891406,0.04952378862002186,0.3432497635311846,325.7986842860993,0.9710670768868829,0.050926476596929754,0.3578780172052088,266.43507258007617,0.9765493625198723,0.05132475449552797,0.36667978993214156,325.3727141790485,0.9711049037063071,0.05068194368690607,0.3551055577373661,853.8219700588027,0.9221649451724832,0.04826047510122375,0.33367513460328935,1061.7413492572978,0.9018403475361313,0.046766409460859006,0.31627187710945587,738.7112201198751,0.9334993830370961,0.0495879196856547,0.3499626242363182,1061.499309010503,0.9018627186812045,0.04683656722073387,0.31722119721004155,error3
61.10406186832306,0.9946338654681748,0.05057539740175073,0.35625888868522815,119.74994273581832,0.9894264503047461,0.05252645039057129,0.3743364250080823,67.15227888404166,0.9941124371293357,0.05089839696887249,0.36140774089756145,119.71803337180313,0.9894292678111519,0.05249212754320261,0.37420744003877704,301.07227487890185,0.9731788948840383,0.049449256326791854,0.34325495340183415,330.73416217123713,0.9704231928025966,0.05084006695092024,0.3576154858257823,276.83548663045013,0.9754629418645562,0.051244391631493004,0.36635400313190575,331.0995113567581,0.9703905266696697,0.050559202654715994,0.35507366684786923,847.1796605124082,0.9222357909559342,0.04818431109619604,0.3330941374932912,1074.457209918151,0.8999786240036732,0.04660266991090916,0.31477573938601267,765.9879615016314,0.9305629097085241,0.049533124952391726,0.3489586146013595,1076.2951394461384,0.8998075031812541,0.04675483261142013,0.3171105144279586,error3
5.43492366538141,0.9473265968113015,0.9991644642831291,0.9999164192220746,10.597948180320504,0.8974253690276714,0.9991236790087171,0.9998370198354455,5.433238636363636,0.947326609788677,0.9991647232419794,0.9999164451352326,10.597948180320504,0.8974253690276714,0.9991236790087171,0.9998370198354455,16.35867106555297,0.841979375317335,0.9990777990321468,0.9997484287659467,20.68471907431707,0.8003948376303568,0.9990437079502128,0.9996819007923858,16.34341487935657,0.8419794928145417,0.9990786588569919,0.9997486633826568,20.68471907431707,0.8003948376303568,0.9990437079502128,0.9996819007923858,38.424277294851265,0.631283252507731,0.998902801390995,0.9994090936349329,47.830404429465574,0.5425682071733035,0.9988277778236059,0.9992644418474231,38.34021226415094,0.6312838999500859,0.9989052013818246,0.9994103864259811,47.830404429465574,0.5425682071733035,0.9988277778236059,0.9992644418474231,error3
5.43492366538141,0.9473265968113015,0.9991644642831291,0.9999164192220746,10.597948180320504,0.8974253690276714,0.9991236790087171,0.9998370198354455,5.433238636363636,0.947326609788677,0.9991647232419794,0.9999164451352326,10.597948180320504,0.8974253690276714,0.9991236790087171,0.9998370198354455,16.35867106555297,0.841979375317335,0.9990777990321468,0.9997484287659467,20.68471907431707,0.8003948376303568,0.9990437079502128,0.9996819007923858,16.34341487935657,0.8419794928145417,0.9990786588569919,0.9997486633826568,20.68471907431707,0.8003948376303568,0.9990437079502128,0.9996819007923858,38.424277294851265,0.631283252507731,0.998902801390995,0.9994090936349329,47.830404429465574,0.5425682071733035,0.9988277778236059,0.9992644418474231,38.34021226415094,0.6312838999500859,0.9989052013818246,0.9994103864259811,47.830404429465574,0.5425682071733035,0.9988277778236059,0.9992644418474231,error3
5.43492366538141,0.9473265968113015,0.9991644642831291,0.9999164192220746,10.597948180320504,0.8974253690276714,0.9991236790087171,0.9998370198354455,5.433238636363636,0.947326609788677,0.9991647232419794,0.9999164451352326,10.597948180320504,0.8974253690276714,0.9991236790087171,0.9998370198354455,16.35867106555297,0.841979375317335,0.9990777990321468,0.9997484287659467,20.68471907431707,0.8003948376303568,0.9990437079502128,0.9996819007923858,16.34341487935657,0.8419794928145417,0.9990786588569919,0.9997486633826568,20.68471907431707,0.8003948376303568,0.9990437079502128,0.9996819007923858,38.424277294851265,0.631283252507731,0.998902801390995,0.9994090936349329,47.830404429465574,0.5425682071733035,0.9988277778236059,0.9992644418474231,38.34021226415094,0.6312838999500859,0.9989052013818246,0.9994103864259811,47.830404429465574,0.5425682071733035,0.9988277778236059,0.9992644418474231,error3
61.19068807833838,0.9946260678339423,0.050581540162581734,0.35628592954471283,119.95276365750735,0.989408167245667,0.052531139785589806,0.37433454833199487,67.2761574725584,0.9941013673880559,0.05090248220684216,0.36139789490530605,119.92625034138264,0.9894105083805412,0.05249799861528127,0.37421874023715174,301.4619382316918,0.973143232176077,0.04945445436122968,0.3432462215215645,331.2241352649321,0.970378329031813,0.05084547388501061,0.3576045741537188,277.227926132355,0.9754272897884194,0.051248430027831034,0.3663200734629008,331.57921675701704,0.9703465800028233,0.05056432768062496,0.3550699041860704,848.0383850680554,0.9221542203931331,0.04819092244800076,0.3331133924021387,1075.552098379072,0.8998731743359266,0.046610534248520526,0.3147892596666819,766.8995491381756,0.9304778219105143,0.04953927148001964,0.34896980750085066,1077.397851691364,0.8997013191149622,0.046762970233269294,0.3171211459536094,error3
61.74595891721637,0.9946148420598968,0.05061640855253513,0.35644406916521737,117.76734223717943,0.9896731337880991,0.05252988485630763,0.3745344604989824,64.37707351182101,0.9943947073448857,0.050958137747379596,0.3618295660818462,117.4542613361055,0.9897005874521286,0.05255498741697577,0.3744800171810389,304.3965044301493,0.9730686552980699,0.04951786070478891,0.3432504889205715,327.27201876814183,0.970933785941572,0.05092197609322955,0.3579107025943046,267.5824859778467,0.9764463816880127,0.051319554980088423,0.36667174677780745,326.85865795414884,0.9709704960634977,0.0506776267653086,0.3551334811538195,856.4910151971903,0.9219150975009422,0.04825401556417298,0.3336736899360496,1065.0401643217604,0.9015271676192422,0.04675956302766366,0.31628154885288096,741.3867326039153,0.93325292861128,0.04958173152287686,0.34996883444897264,1064.824439629808,0.9015471074918333,0.04682875885284852,0.3172376258232538,error3
59.948768594259676,0.9947281222138765,0.050414822313674765,0.3551888482362181,110.79943440608234,0.9902032098571193,0.05241970990335818,0.3724315041730674,59.0373935758514,0.9948169473638936,0.05080711353554613,0.3603399574261883,110.20887550766902,0.9902554285619365,0.05243956912921938,0.3727305862929162,296.60890664136207,0.9735384296582235,0.049307180153717906,0.34271266192810035,314.1646232896382,0.9718647667009742,0.05079432858114846,0.35678007601654343,256.6257738641174,0.9772232243088977,0.051172033160011995,0.36453893690646727,312.8767545429242,0.9719800853083352,0.050568367038021735,0.3542618471626741,836.01980677509,0.9231383919092616,0.04808364240498592,0.3323436470416384,1040.9440120187592,0.9029464465884283,0.0465772679365343,0.3138822335268408,731.7620628812597,0.9335726904446414,0.04957642505542026,0.34832173824042983,1038.006138661531,0.9032202783735266,0.046716591695781094,0.3156283473244591,error3
61.51908640405768,0.9945967157369385,0.05060083545933731,0.3562760928662918,120.6230409042455,0.989347973078908,0.05255310742364247,0.3743379925662872,67.61954686180692,0.9940706989010935,0.05092346966402559,0.36139294176310005,120.57870521280253,0.9893518883008634,0.05251902438747877,0.37421466714250884,302.42274768561936,0.9730550797449876,0.04947619218006361,0.3432537797392215,332.4777039952991,0.9702633999913006,0.05086900918760089,0.35760421800887043,278.21915126287564,0.9753370940998568,0.05127288331876114,0.36634731193526704,332.83713291007814,0.9702312591429999,0.05058909546374862,0.35508344332897457,850.3392765506534,0.9219355698737939,0.04821888302540645,0.33313772783470447,1078.4434480821697,0.8995944233931081,0.04663949477372198,0.3147658576400804,769.2661614236061,0.9302566527312889,0.049567090210795514,0.3489455416212605,1080.286285864584,0.8994228231310484,0.046792443130426964,0.31707750682015573,error3
