Classifier,Accuracy,Precision,Recall,F1_Score,AUC_Score,CV_Score,Best_Params,Supports_Probability
SVC,0.75,0.8303571428571428,0.75,0.7193181818181819,N/A,0.7346153846153847,"{'clf__C': 10, 'clf__gamma': 'scale', 'clf__kernel': 'linear'}",False
KNeighbors,0.875,0.875,0.875,0.875,0.9895833333333334,0.8923076923076924,"{'clf__n_neighbors': 3, 'clf__weights': 'distance'}",True
RandomForest,0.75,0.8303571428571428,0.75,0.7193181818181817,0.966796875,0.876923076923077,"{'clf__max_depth': 10, 'clf__min_samples_split': 4, 'clf__n_estimators': 50}",True
LogisticRegression,0.625,0.7083333333333333,0.625,0.5928571428571429,0.9244791666666667,0.7346153846153847,"{'clf__C': 10, 'clf__penalty': 'l2', 'clf__solver': 'liblinear'}",True
