meanDiff_a0,meanSum_a0,varianceDiff_a0,varianceSum_a0,mean_a0,correlation_a0,contrast_a0,homogeneity_a0,energy_a0,entropy_a0,shadowness_a0,prominence_a0,meanDiff_a45,meanSum_a45,varianceDiff_a45,varianceSum_a45,mean_a45,correlation_a45,contrast_a45,homogeneity_a45,energy_a45,entropy_a45,shadowness_a45,prominence_a45,meanDiff_a90,meanSum_a90,varianceDiff_a90,varianceSum_a90,mean_a90,correlation_a90,contrast_a90,homogeneity_a90,energy_a90,entropy_a90,shadowness_a90,prominence_a90,meanDiff_a135,meanSum_a135,varianceDiff_a135,varianceSum_a135,mean_a135,correlation_a135,contrast_a135,homogeneity_a135,energy_a135,entropy_a135,shadowness_a135,prominence_a135,class
0.0023490958840233778,353.11257844066665,56.53738315813857,22591.600770049627,176.55628922033333,0.9950073261849844,56.53738315813857,0.4323659949729438,0.0011477769689921986,10.474195706980742,1395.9151118976154,487153.1973693302,0.0017465575416927281,353.5650543128739,103.2576483251986,22421.123544147955,176.78252715643694,0.9908314774605438,103.2576483251986,0.44534503720820057,0.0011729188094537172,10.544489157092864,6022.051152446537,1380951.1662569952,-0.0006024838164930824,352.99245356037153,55.51146881798707,22630.85248843543,176.49622678018576,0.9951061819406026,55.51146881798707,0.43674567877967707,0.0011621484881266598,10.455512684864328,4615.566063070531,902594.7286743199,-0.0029557127628646596,353.5650609202795,103.83773981233529,22420.53880551413,176.78253046013975,0.9907799676849278,103.83773981233529,0.44518263891204546,0.0011727872961135076,10.545407742292575,3282.197686421799,1396408.382511309,sano
0.002307304852378733,353.39372870581974,58.353188280996754,22536.583719972125,176.69686435290987,0.994834843884009,58.353188280996754,0.43249320176400735,0.0011989527468582852,10.424799277866821,1943.8339477587808,564010.5721199708,0.0032948929159801743,353.84731166691626,107.75471343867049,22362.65928412862,176.92365583345813,0.99040919197569,107.75471343867049,0.4453609944995215,0.0012247904306976604,10.493085996304092,6162.780649177261,1539462.5321819282,0.0009872818744723344,353.2746512630172,57.96105526296097,22574.565352199483,176.6373256315086,0.9948780746594955,57.96105526296097,0.43660739558195727,0.0012101935825212992,10.412920985592859,4252.527238113309,986778.4765953049,-0.0013126712419279096,353.8473160718533,107.62830087845003,22362.782641331007,176.92365803592665,0.9904204421400836,107.62830087845003,0.445548951281927,0.001226629104249232,10.492976524461504,2549.210545866401,1563036.8757030761,sano
0.0,0.0011173602144979686,0.28380949448248405,0.28380824598863513,0.0005586801072489843,-2.19953281879326e-06,0.28380949448248405,0.9999956181952372,0.9999824039212868,0.0001736481986471722,0.0,18310.25334603194,0.0,0.0011188540115761746,0.28418891894034837,0.28418766710604915,0.0005594270057880873,-2.202473377216623e-06,0.28418891894034837,0.9999956123372095,0.9999823803973117,0.00017386336899301161,0.0,18334.732294355515,0.0,0.001117013791162398,0.28372150295524906,0.2837202552354394,0.000558506895581199,-2.1988508801270773e-06,0.28372150295524906,0.9999956195537603,0.9999824093766824,0.00017359829570556996,0.0,18304.57648466085,0.0,0.0011188540115761746,0.28418891894034837,0.28418766710604915,0.0005594270057880873,-2.202473377216623e-06,0.28418891894034837,0.9999956123372095,0.9999823803973117,0.00017386336899301161,0.0,18334.732294355515,sano
0.0,0.0011173602144979686,0.28380949448248405,0.28380824598863513,0.0005586801072489843,-2.19953281879326e-06,0.28380949448248405,0.9999956181952372,0.9999824039212868,0.0001736481986471722,0.0,18310.25334603194,0.0,0.0011188540115761746,0.28418891894034837,0.28418766710604915,0.0005594270057880873,-2.202473377216623e-06,0.28418891894034837,0.9999956123372095,0.9999823803973117,0.00017386336899301161,0.0,18334.732294355515,0.0,0.001117013791162398,0.28372150295524906,0.2837202552354394,0.000558506895581199,-2.1988508801270773e-06,0.28372150295524906,0.9999956195537603,0.9999824093766824,0.00017359829570556996,0.0,18304.57648466085,0.0,0.0011188540115761746,0.28418891894034837,0.28418766710604915,0.0005594270057880873,-2.202473377216623e-06,0.28418891894034837,0.9999956123372095,0.9999823803973117,0.00017386336899301161,0.0,18334.732294355515,sano
0.0,0.0011173602144979686,0.28380949448248405,0.28380824598863513,0.0005586801072489843,-2.19953281879326e-06,0.28380949448248405,0.9999956181952372,0.9999824039212868,0.0001736481986471722,0.0,18310.25334603194,0.0,0.0011188540115761746,0.28418891894034837,0.28418766710604915,0.0005594270057880873,-2.202473377216623e-06,0.28418891894034837,0.9999956123372095,0.9999823803973117,0.00017386336899301161,0.0,18334.732294355515,0.0,0.001117013791162398,0.28372150295524906,0.2837202552354394,0.000558506895581199,-2.1988508801270773e-06,0.28372150295524906,0.9999956195537603,0.9999824093766824,0.00017359829570556996,0.0,18304.57648466085,0.0,0.0011188540115761746,0.28418891894034837,0.28418766710604915,0.0005594270057880873,-2.202473377216623e-06,0.28418891894034837,0.9999956123372095,0.9999823803973117,0.00017386336899301161,0.0,18334.732294355515,sano
0.002349095884023489,354.19552923942524,58.29846602975432,22778.03416358051,177.09776461971262,0.9948942356922746,58.29846602975432,0.4333626982404304,0.001143917348226512,10.481217191205065,1917.487109026086,563515.635506327,0.003041609035406845,354.6493163537693,110.3076073252736,22601.641442744178,177.32465817688464,0.9902863812275957,110.3076073252736,0.4470316859135856,0.0011734268351568074,10.538959951872176,5654.816680990218,1552852.6457584784,0.0006926365043624094,354.07516755206865,60.70288924372779,22813.997566750877,177.03758377603432,0.9946925740635989,60.70288924372779,0.43795211411418816,0.0011607466774557458,10.455488822966574,3730.6284318918715,999036.5653226823,-0.0016584588006237633,354.6493163537693,110.62913018170482,22601.31991757877,177.32465817688464,0.9902580681253632,110.62913018170482,0.4471745709487973,0.0011728202541768419,10.540417618119305,1959.2706970529898,1574219.342235868,sano
0.0,0.0011173602144979686,0.28380949448248405,0.28380824598863513,0.0005586801072489843,-2.19953281879326e-06,0.28380949448248405,0.9999956181952372,0.9999824039212868,0.0001736481986471722,0.0,18310.25334603194,0.0,0.0011188540115761746,0.28418891894034837,0.28418766710604915,0.0005594270057880873,-2.202473377216623e-06,0.28418891894034837,0.9999956123372095,0.9999823803973117,0.00017386336899301161,0.0,18334.732294355515,0.0,0.001117013791162398,0.28372150295524906,0.2837202552354394,0.000558506895581199,-2.1988508801270773e-06,0.28372150295524906,0.9999956195537603,0.9999824093766824,0.00017359829570556996,0.0,18304.57648466085,0.0,0.0011188540115761746,0.28418891894034837,0.28418766710604915,0.0005594270057880873,-2.202473377216623e-06,0.28418891894034837,0.9999956123372095,0.9999823803973117,0.00017386336899301161,0.0,18334.732294355515,sano
0.0021225445019496525,354.04984790264007,56.73980893084147,22648.71650349171,177.02492395132003,0.9950020992179006,56.73980893084147,0.43293366055544424,0.0011377369639881166,10.486703024203944,1383.8800448897223,509977.10915316193,0.0026649869173369645,354.5038587248589,104.44505011797706,22476.31350870749,177.25192936242945,0.990749199160344,104.44505011797706,0.4450306479928378,0.0011561966302104164,10.566552608264391,5956.033430079286,1477876.7098322953,0.0005453138193076135,353.92995356037153,56.662059053885294,22686.893476025143,176.96497678018576,0.995017308620322,56.662059053885294,0.43624263987237105,0.001147787348146206,10.477929333658716,4514.967587751526,973794.3806822046,-0.0015813724021884745,354.50384991498476,105.3286410429451,22475.436098173606,177.25192495749238,0.9906709411962414,105.3286410429451,0.4450839553499725,0.001156391020229009,10.566434383921667,3105.7427558488807,1485034.0624083509,sano
0.002247917596883642,355.15003200313214,57.663563944959485,22908.35792295721,177.57501600156607,0.9949783584433295,57.663563944959485,0.4331656837346268,0.0011405355631276665,10.479945481589121,1569.1753210932095,535342.2303091425,0.002678201728497309,355.60579777814974,109.72234523981953,22730.7856533357,177.80289888907487,0.9903923025489002,109.72234523981953,0.4465276481608488,0.0011656601502218946,10.543633703687401,6235.246638759577,1660248.754738296,0.00043317267098236245,355.0300824127497,60.91943189440478,22943.22200746401,177.51504120637486,0.9947036117774666,60.91943189440478,0.43730666958734504,0.001154186876202787,10.456350160979477,4578.506630874685,1125524.1930159885,-0.0018148340660212314,355.60579777814974,110.36954009060236,22730.138444744312,177.80289888907487,0.9903356317500528,110.36954009060236,0.44650485334252155,0.0011656176533230232,10.542249406230358,2989.0544879829304,1662894.455142978,sano
0.0,0.0011173602144979686,0.28380949448248405,0.28380824598863513,0.0005586801072489843,-2.19953281879326e-06,0.28380949448248405,0.9999956181952372,0.9999824039212868,0.0001736481986471722,0.0,18310.25334603194,0.0,0.0011188540115761746,0.28418891894034837,0.28418766710604915,0.0005594270057880873,-2.202473377216623e-06,0.28418891894034837,0.9999956123372095,0.9999823803973117,0.00017386336899301161,0.0,18334.732294355515,0.0,0.001117013791162398,0.28372150295524906,0.2837202552354394,0.000558506895581199,-2.1988508801270773e-06,0.28372150295524906,0.9999956195537603,0.9999824093766824,0.00017359829570556996,0.0,18304.57648466085,0.0,0.0011188540115761746,0.28418891894034837,0.28418766710604915,0.0005594270057880873,-2.202473377216623e-06,0.28418891894034837,0.9999956123372095,0.9999823803973117,0.00017386336899301161,0.0,18334.732294355515,sano
0.0,0.0011173602144979686,0.28380949448248405,0.28380824598863513,0.0005586801072489843,-2.19953281879326e-06,0.28380949448248405,0.9999956181952372,0.9999824039212868,0.0001736481986471722,0.0,18310.25334603194,0.0,0.0011188540115761746,0.28418891894034837,0.28418766710604915,0.0005594270057880873,-2.202473377216623e-06,0.28418891894034837,0.9999956123372095,0.9999823803973117,0.00017386336899301161,0.0,18334.732294355515,0.0,0.001117013791162398,0.28372150295524906,0.2837202552354394,0.000558506895581199,-2.1988508801270773e-06,0.28372150295524906,0.9999956195537603,0.9999824093766824,0.00017359829570556996,0.0,18304.57648466085,0.0,0.0011188540115761746,0.28418891894034837,0.28418766710604915,0.0005594270057880873,-2.202473377216623e-06,0.28418891894034837,0.9999956123372095,0.9999823803973117,0.00017386336899301161,0.0,18334.732294355515,sano
0.0023490958840233223,353.11256524349875,56.53181395328993,22591.60460019957,176.55628262174938,0.9950078176041,56.53181395328993,0.43236788058483033,0.0011477838280979811,10.474189210970483,1395.8900897235847,486678.05532376596,0.0017465575416927281,353.5650410980627,103.25950720863516,22421.119955843445,176.78252054903135,0.9908313117013441,103.25950720863516,0.4453435687969065,0.0011729177026496697,10.544490755948642,6022.048354381443,1381114.3465001038,-0.0006024838164930824,352.9924403672953,55.51054090495583,22630.851674663103,176.49622018364764,0.9951062633684907,55.51054090495583,0.43674457940534867,0.0011621485288995398,10.45551236782426,4618.1660737069105,902511.5224832767,-0.0029557127628647706,353.56504770546826,103.84417983030744,22420.530636075262,176.78252385273413,0.990779395150446,103.84417983030744,0.44518300564072444,0.0011727919999462567,10.54540663414074,3281.319421102556,1396972.0262869536,sano
0.0023490958840234333,353.1125652434987,56.540167760562895,22591.5962463923,176.55628262174935,0.9950070799003772,56.540167760562895,0.4323665447064754,0.0011477769608726738,10.474196947069512,1394.4587452058017,487397.0948879472,0.0017465575416927281,353.56504109806275,103.25578944176205,22421.123673610316,176.78252054903137,0.9908316418118256,103.25578944176205,0.4453455879252197,0.001172923645603894,10.544486701497755,6022.053950511632,1380790.3059004152,-0.0006024838164930268,352.9924403672952,55.51332464404956,22630.848890924004,176.4962201836476,0.9951060179576959,55.51332464404956,0.43674391960123105,0.0011621446449671463,10.45551604265042,4617.305903358423,902750.6964895094,-0.0029557127628646596,353.5650477054683,103.84696815546226,22420.527847750105,176.78252385273416,0.9907791475675337,103.84696815546226,0.44518190425919935,0.0011727912190216603,10.545408375487371,3281.6038549928153,1397219.7472447075,sano
0.0,0.0011173602144979686,0.28380949448248405,0.28380824598863513,0.0005586801072489843,-2.19953281879326e-06,0.28380949448248405,0.9999956181952372,0.9999824039212868,0.0001736481986471722,0.0,18310.25334603194,0.0,0.0011188540115761746,0.28418891894034837,0.28418766710604915,0.0005594270057880873,-2.202473377216623e-06,0.28418891894034837,0.9999956123372095,0.9999823803973117,0.00017386336899301161,0.0,18334.732294355515,0.0,0.001117013791162398,0.28372150295524906,0.2837202552354394,0.000558506895581199,-2.1988508801270773e-06,0.28372150295524906,0.9999956195537603,0.9999824093766824,0.00017359829570556996,0.0,18304.57648466085,0.0,0.0011188540115761746,0.28418891894034837,0.28418766710604915,0.0005594270057880873,-2.202473377216623e-06,0.28418891894034837,0.9999956123372095,0.9999823803973117,0.00017386336899301161,0.0,18334.732294355515,sano
0.002153337893687879,355.21183653987856,58.70272475740791,22852.831254463046,177.60591826993928,0.9948757054145133,58.70272475740791,0.43215422881863413,0.001132820061000208,10.484290502132069,1913.0427590281781,578476.8102336165,0.002731060973138577,355.66734796359765,111.495380572211,22674.60289837596,177.83367398179882,0.990213736532922,111.495380572211,0.4458504439767359,0.001158827991430498,10.544389398502911,6197.5668254830525,1660240.0239607883,0.0005804953560371029,355.09159952856743,61.57656788002486,22888.26661920129,177.54579976428371,0.9946338136275603,61.57656788002486,0.43644736570248166,0.001146118494240403,10.46049351723315,4224.230112225034,1086692.2266446962,-0.0015747649966080246,355.66734576112907,111.86610725590705,22674.233712528796,177.83367288056454,0.9901811974720811,111.86610725590705,0.4451618379829384,0.001158446649080278,10.545768790220219,2375.713066368826,1672750.6459061203,sano
0.0,0.0011173602144979686,0.28380949448248405,0.28380824598863513,0.0005586801072489843,-2.19953281879326e-06,0.28380949448248405,0.9999956181952372,0.9999824039212868,0.0001736481986471722,0.0,18310.25334603194,0.0,0.0011188540115761746,0.28418891894034837,0.28418766710604915,0.0005594270057880873,-2.202473377216623e-06,0.28418891894034837,0.9999956123372095,0.9999823803973117,0.00017386336899301161,0.0,18334.732294355515,0.0,0.001117013791162398,0.28372150295524906,0.2837202552354394,0.000558506895581199,-2.1988508801270773e-06,0.28372150295524906,0.9999956195537603,0.9999824093766824,0.00017359829570556996,0.0,18304.57648466085,0.0,0.0011188540115761746,0.28418891894034837,0.28418766710604915,0.0005594270057880873,-2.202473377216623e-06,0.28418891894034837,0.9999956123372095,0.9999823803973117,0.00017386336899301161,0.0,18334.732294355515,sano
0.0,0.0011173602144979686,0.28380949448248405,0.28380824598863513,0.0005586801072489843,-2.19953281879326e-06,0.28380949448248405,0.9999956181952372,0.9999824039212868,0.0001736481986471722,0.0,18310.25334603194,0.0,0.0011188540115761746,0.28418891894034837,0.28418766710604915,0.0005594270057880873,-2.202473377216623e-06,0.28418891894034837,0.9999956123372095,0.9999823803973117,0.00017386336899301161,0.0,18334.732294355515,0.0,0.001117013791162398,0.28372150295524906,0.2837202552354394,0.000558506895581199,-2.1988508801270773e-06,0.28372150295524906,0.9999956195537603,0.9999824093766824,0.00017359829570556996,0.0,18304.57648466085,0.0,0.0011188540115761746,0.28418891894034837,0.28418766710604915,0.0005594270057880873,-2.202473377216623e-06,0.28418891894034837,0.9999956123372095,0.9999823803973117,0.00017386336899301161,0.0,18334.732294355515,sano
0.0020235657427916665,353.9361169093112,57.55552848788943,22559.47387418153,176.9680584546556,0.9949104254618738,57.55552848788943,0.4329271020112879,0.0011958992225428872,10.428908040359504,1600.7776095477252,519684.23902599805,0.002713441224924784,354.3897356156781,107.08390668810492,22385.387851896903,177.19486780783905,0.9904782446466976,107.08390668810492,0.4461051264156989,0.0012221479082882175,10.497560336546714,6955.0025501762175,1619133.651779968,0.000688238812271369,353.81616547635804,58.26155006460485,22596.918509698342,176.90808273817902,0.994856668549006,58.26155006460485,0.43676878276401426,0.0012086726271338946,10.410731824878722,5305.013679910333,1102352.4610640851,-0.0013346959271952619,354.3897356156781,107.49086237913792,22384.980901787225,177.19486780783905,0.9904420587024647,107.49086237913792,0.4456916120055733,0.001222096585915346,10.496889441376211,3754.053375478783,1630067.8007861357,sano
0.0,0.0011173602144979686,0.28380949448248405,0.28380824598863513,0.0005586801072489843,-2.19953281879326e-06,0.28380949448248405,0.9999956181952372,0.9999824039212868,0.0001736481986471722,0.0,18310.25334603194,0.0,0.0011188540115761746,0.28418891894034837,0.28418766710604915,0.0005594270057880873,-2.202473377216623e-06,0.28418891894034837,0.9999956123372095,0.9999823803973117,0.00017386336899301161,0.0,18334.732294355515,0.0,0.001117013791162398,0.28372150295524906,0.2837202552354394,0.000558506895581199,-2.1988508801270773e-06,0.28372150295524906,0.9999956195537603,0.9999824093766824,0.00017359829570556996,0.0,18304.57648466085,0.0,0.0011188540115761746,0.28418891894034837,0.28418766710604915,0.0005594270057880873,-2.202473377216623e-06,0.28418891894034837,0.9999956123372095,0.9999823803973117,0.00017386336899301161,0.0,18334.732294355515,sano
0.002153337893687879,355.2118629342143,58.68424872236503,22852.853150578474,177.60593146710715,0.9948773189943853,58.68424872236503,0.43215422980754176,0.001132816254209651,10.484297060068707,1915.3719673611229,576845.8366544651,0.002731060973138577,355.6673743932199,111.47787094742355,22674.623808575445,177.83368719660996,0.9902152748622505,111.47787094742355,0.4458525739817056,0.0011588322274305068,10.544385510979334,6196.715961533508,1658717.3836385256,0.0005804953560371029,355.09162591472,61.55898150935219,22888.287630937175,177.54581295736,0.9946353470200524,61.55898150935219,0.43644645044874475,0.0011461091793874183,10.460495736971552,4224.536446503297,1085126.8571561635,-0.0015747649966080246,355.6673721907515,111.85211277088827,22674.25110758863,177.83368609537575,0.9901824272725144,111.85211277088827,0.4451614716299493,0.0011584376881466959,10.545777876436816,2377.2330867677138,1671482.0333321237,sano
0.0,0.05475065051040046,1.9866664613773883,25.823666364174738,0.02737532525520023,0.8571274587843195,1.9866664613773883,0.9999693273666609,0.9996921073288841,0.0024139949937268526,0.0,128171.77342222359,0.0,0.054823846567232555,3.694455946224528,24.153052455777182,0.027411923283616278,0.7346652423671987,3.694455946224528,0.9999429603837237,0.9996124299445424,0.0030309155537792485,0.0,238351.51982662166,0.0,0.05473367576695751,1.9860505206867436,25.815660993664707,0.027366837883478753,0.8571274635588976,1.9860505206867436,0.9999693368763212,0.9996922027743111,0.0024133154256816168,0.0,128132.03539262596,0.0,0.054823846567232555,3.694455946224528,24.153052455777182,0.027411923283616278,0.7346652423671987,3.694455946224528,0.9999429603837237,0.9996124299445424,0.0030309155537792485,0.0,238351.51982662166,error1
0.0,0.05475065051040046,1.9866664613773883,25.823666364174738,0.02737532525520023,0.8571274587843195,1.9866664613773883,0.9999693273666609,0.9996921073288841,0.0024139949937268526,0.0,128171.77342222359,0.0,0.054823846567232555,3.694455946224528,24.153052455777182,0.027411923283616278,0.7346652423671987,3.694455946224528,0.9999429603837237,0.9996124299445424,0.0030309155537792485,0.0,238351.51982662166,0.0,0.05473367576695751,1.9860505206867436,25.815660993664707,0.027366837883478753,0.8571274635588976,1.9860505206867436,0.9999693368763212,0.9996922027743111,0.0024133154256816168,0.0,128132.03539262596,0.0,0.054823846567232555,3.694455946224528,24.153052455777182,0.027411923283616278,0.7346652423671987,3.694455946224528,0.9999429603837237,0.9996124299445424,0.0030309155537792485,0.0,238351.51982662166,error1
0.0,0.05475065051040046,1.9866664613773883,25.823666364174738,0.02737532525520023,0.8571274587843195,1.9866664613773883,0.9999693273666609,0.9996921073288841,0.0024139949937268526,0.0,128171.77342222359,0.0,0.054823846567232555,3.694455946224528,24.153052455777182,0.027411923283616278,0.7346652423671987,3.694455946224528,0.9999429603837237,0.9996124299445424,0.0030309155537792485,0.0,238351.51982662166,0.0,0.05473367576695751,1.9860505206867436,25.815660993664707,0.027366837883478753,0.8571274635588976,1.9860505206867436,0.9999693368763212,0.9996922027743111,0.0024133154256816168,0.0,128132.03539262596,0.0,0.054823846567232555,3.694455946224528,24.153052455777182,0.027411923283616278,0.7346652423671987,3.694455946224528,0.9999429603837237,0.9996124299445424,0.0030309155537792485,0.0,238351.51982662166,error1
0.0,0.05475065051040046,1.9866664613773883,25.823666364174738,0.02737532525520023,0.8571274587843195,1.9866664613773883,0.9999693273666609,0.9996921073288841,0.0024139949937268526,0.0,128171.77342222359,0.0,0.054823846567232555,3.694455946224528,24.153052455777182,0.027411923283616278,0.7346652423671987,3.694455946224528,0.9999429603837237,0.9996124299445424,0.0030309155537792485,0.0,238351.51982662166,0.0,0.05473367576695751,1.9860505206867436,25.815660993664707,0.027366837883478753,0.8571274635588976,1.9860505206867436,0.9999693368763212,0.9996922027743111,0.0024133154256816168,0.0,128132.03539262596,0.0,0.054823846567232555,3.694455946224528,24.153052455777182,0.027411923283616278,0.7346652423671987,3.694455946224528,0.9999429603837237,0.9996124299445424,0.0030309155537792485,0.0,238351.51982662166,error1
0.0021225445019497635,354.00565938549585,57.89222082324935,22660.357248299,177.00282969274792,0.9949034611225672,57.89222082324935,0.4329778107645475,0.001137495803171059,10.487474754372979,1384.1564722570663,560342.0908703065,0.0026649869173369645,354.4596111321569,106.76287073132049,22486.846123102445,177.22980556607845,0.9905492857948895,106.76287073132049,0.445057087510874,0.001155839951209151,10.567891585170736,5954.074436323666,1579495.6523537803,0.000545313819307558,353.88577874331554,57.79979916787347,22698.534334239113,176.94288937165777,0.9949201133338017,57.79979916787347,0.43629099227362506,0.0011475507361428418,10.478691103694311,4512.128740125741,1022837.1953485379,-0.0015813724021884745,354.4596023222828,107.65120136855803,22485.963972076654,177.2298011611414,0.9904706528333606,107.65120136855803,0.44509778810891487,0.001156007111291114,10.567792434448604,3102.289894831124,1587058.4459672768,error1
0.0,0.05475065051040046,1.9866664613773883,25.823666364174738,0.02737532525520023,0.8571274587843195,1.9866664613773883,0.9999693273666609,0.9996921073288841,0.0024139949937268526,0.0,128171.77342222359,0.0,0.054823846567232555,3.694455946224528,24.153052455777182,0.027411923283616278,0.7346652423671987,3.694455946224528,0.9999429603837237,0.9996124299445424,0.0030309155537792485,0.0,238351.51982662166,0.0,0.05473367576695751,1.9860505206867436,25.815660993664707,0.027366837883478753,0.8571274635588976,1.9860505206867436,0.9999693368763212,0.9996922027743111,0.0024133154256816168,0.0,128132.03539262596,0.0,0.054823846567232555,3.694455946224528,24.153052455777182,0.027411923283616278,0.7346652423671987,3.694455946224528,0.9999429603837237,0.9996124299445424,0.0030309155537792485,0.0,238351.51982662166,error1
0.0,0.05475065051040046,1.9866664613773883,25.823666364174738,0.02737532525520023,0.8571274587843195,1.9866664613773883,0.9999693273666609,0.9996921073288841,0.0024139949937268526,0.0,128171.77342222359,0.0,0.054823846567232555,3.694455946224528,24.153052455777182,0.027411923283616278,0.7346652423671987,3.694455946224528,0.9999429603837237,0.9996124299445424,0.0030309155537792485,0.0,238351.51982662166,0.0,0.05473367576695751,1.9860505206867436,25.815660993664707,0.027366837883478753,0.8571274635588976,1.9860505206867436,0.9999693368763212,0.9996922027743111,0.0024133154256816168,0.0,128132.03539262596,0.0,0.054823846567232555,3.694455946224528,24.153052455777182,0.027411923283616278,0.7346652423671987,3.694455946224528,0.9999429603837237,0.9996124299445424,0.0030309155537792485,0.0,238351.51982662166,error1
0.0,0.05475065051040046,1.9866664613773883,25.823666364174738,0.02737532525520023,0.8571274587843195,1.9866664613773883,0.9999693273666609,0.9996921073288841,0.0024139949937268526,0.0,128171.77342222359,0.0,0.054823846567232555,3.694455946224528,24.153052455777182,0.027411923283616278,0.7346652423671987,3.694455946224528,0.9999429603837237,0.9996124299445424,0.0030309155537792485,0.0,238351.51982662166,0.0,0.05473367576695751,1.9860505206867436,25.815660993664707,0.027366837883478753,0.8571274635588976,1.9860505206867436,0.9999693368763212,0.9996922027743111,0.0024133154256816168,0.0,128132.03539262596,0.0,0.054823846567232555,3.694455946224528,24.153052455777182,0.027411923283616278,0.7346652423671987,3.694455946224528,0.9999429603837237,0.9996124299445424,0.0030309155537792485,0.0,238351.51982662166,error1
0.0020235657427915554,353.89179202143214,58.73310737945931,22571.060745684605,176.94589601071607,0.9948092229420326,58.73310737945931,0.4329709366633947,0.0011956507101323446,10.429720844020402,1601.376949870262,572250.3467264881,0.002713441224924895,354.3453514699275,109.4270556895057,22395.866482390855,177.17267573496375,0.9902754384870033,109.4270556895057,0.4461197079956761,0.0012217576164308696,10.498892311717965,6952.702216549131,1723026.8956439914,0.000688238812271369,353.7718543308472,59.43086121011568,22608.499061729977,176.8859271654236,0.9947563927176235,59.43086121011568,0.43680009180737656,0.0012083841069632625,10.41152359814457,5301.236396665617,1154209.9301827159,-0.0013346959271951508,354.34535146992755,109.83748247093682,22395.45606119077,177.17267573496378,0.9902389646899835,109.83748247093682,0.44569945486884316,0.0012216965222963875,10.498223542596115,3749.9401733435498,1734257.8280531587,error1
0.002307304852378733,353.3482292699987,59.58432567891117,22547.898523329237,176.67411463499934,0.9947287961179123,59.58432567891117,0.4325460430766587,0.0011988414728328221,10.42550743302296,1942.3101271140308,621577.9766287231,0.0032948929159802853,353.80175140297246,110.21890130042596,22372.79913761747,176.90087570148623,0.9901953642424975,110.21890130042596,0.44539160599667027,0.0012245825310356119,10.494355205930045,6160.58832241215,1654475.6656339124,0.0009872818744722789,353.229165933718,59.1873253164369,22585.870301279774,176.614582966859,0.9947726054583343,59.1873253164369,0.4366452406632824,0.0012100473214737202,10.413641024945457,4253.127426805608,1043864.4520711342,-0.0013126712419279096,353.80175580790944,110.0899603063368,22372.92502365511,176.90087790395472,0.9902068329906002,110.0899603063368,0.44557558537353176,0.0012264012831450794,10.494263542049433,2550.528043701501,1677803.4301599022,error1
0.0023490958840234333,354.1537030153329,59.30506241417022,22790.08523442193,177.07685150766645,0.9948090463995943,59.30506241417022,0.4334139295866108,0.0011437594093547014,10.481944419602623,1917.5968629762938,601852.9402090912,0.0030416090354067338,354.6074342122651,112.36285845073502,22612.69932442925,177.30371710613255,0.9901111066234677,112.36285845073502,0.44705406630728506,0.0011731203668529395,10.540319811809194,5655.908605627443,1632723.6104097622,0.0006926365043625204,354.0333542956656,61.719494929064126,22826.024515041616,177.0166771478328,0.994606764659529,61.719494929064126,0.43800575023095145,0.0011605837926994304,10.456237388436993,3729.891293618817,1038120.243999732,-0.0016584588006237633,354.6074342122651,112.67619252918388,22612.385988041828,177.30371710613255,0.990083530541398,112.67619252918388,0.4471977777518718,0.0011725268782645506,10.541743654387139,1960.5049170572256,1653435.7567715705,error1
0.002307304852378733,353.351132646934,59.40681497270872,22548.449806076947,176.675566323467,0.9947445867188094,59.40681497270872,0.43253320377645593,0.001198692683141644,10.425572867680426,1942.3648703437566,605983.2039408674,0.0032948929159802853,353.80465866142777,109.8829147266741,22373.506758904576,176.90232933071388,0.9902254138435723,109.8829147266741,0.4453891648213432,0.0012244374726233646,10.494428727564163,6155.603105177708,1625066.7351250467,0.0009872818744722789,353.2320684104982,59.00189223171975,22586.430081682483,176.6160342052491,0.9947890689566234,59.00189223171975,0.4366545408920309,0.0012099425549308746,10.413717380619623,4250.326465862313,1027669.1688224252,-0.0013126712419280206,353.8046630663648,109.76038732093478,22373.626231328253,176.9023315331824,0.9902363118881797,109.76038732093478,0.4455705035287811,0.0012262592530852125,10.494324446983793,2548.008002831397,1649010.0981328594,error1
0.002307304852378733,353.351590148754,59.388426918785086,22548.512743004732,176.675795074377,0.9947462237673048,59.388426918785086,0.4325439546586584,0.0011987282284083418,10.425587633100687,1943.226442758169,604469.1395631231,0.0032948929159801743,353.8051167748813,109.8606477698689,22373.573218759546,176.90255838744065,0.9902274137996806,109.8606477698689,0.44539362616709577,0.0012244851907733266,10.494421469692375,6161.289314936631,1623271.5620735253,0.00098728187447239,353.23252577047566,58.99587179124691,22586.480746095505,176.61626288523783,0.9947896109420193,58.99587179124691,0.43664912006877893,0.0012099503967079928,10.41371320518969,4250.580872590635,1027172.6131940422,-0.0013126712419279096,353.80512117981834,109.73839787516394,22373.692413668145,176.90256058990917,0.9902382871373108,109.73839787516394,0.44556886875138385,0.0012262802533041079,10.494313785016043,2547.7027598173445,1647205.5315002664,error1
0.002463471339050838,353.9972153975757,59.674582564588256,22766.523647069665,176.99860769878785,0.9947713953971393,59.674582564588256,0.43346949149651887,0.0011279872937294936,10.509522944679714,1897.2367052737773,610076.1682059899,0.002616532609749034,354.4509069765393,112.91918898844862,22588.961788749144,177.22545348826964,0.9900519970922911,112.91918898844862,0.44589688666996513,0.001152162951361943,10.570862661891313,6031.977054687979,1709863.6473826314,0.00015611806923737648,353.8769371833662,61.754100823502185,22802.770936407927,176.9384685916831,0.9945982607797018,61.754100823502185,0.43745184600680437,0.0011411798062074048,10.489163883659,4138.7497523583115,1106599.7841875774,-0.0023081870160075457,354.4509069765393,112.84233757019268,22589.03862406617,177.22545348826964,0.9900587675742876,112.84233757019268,0.44659225209497233,0.001154574312981676,10.570620882182329,2429.210384892178,1728932.6350645178,error1
0.0021225445019498745,354.0068339334379,57.806747165896226,22660.582975580768,177.00341696671896,0.9949110172092815,57.806747165896226,0.4329793857615714,0.0011374906790891847,10.487486049561532,1389.0826878729185,552996.017493741,0.0026649869173369645,354.4607872503502,106.60766717917924,22487.140699980187,177.2303936251751,0.9905630827212201,106.60766717917924,0.44505282232159615,0.0011558219754155231,10.567900876184108,5965.271806992279,1566180.8286651936,0.0005453138193076135,353.8869529271039,57.73268598886982,22698.741939082924,176.94347646355195,0.9949260430765218,57.73268598886982,0.43628504271785273,0.0011475350513009792,10.478706519052555,4518.9790909124995,1017028.8101162219,-0.0015813724021883635,354.46077844047613,107.49777741098639,22486.25676938055,177.23038922023807,0.9904842927112085,107.49777741098639,0.4451046033084594,0.0011559950083594602,10.567814674860161,3104.220815561628,1573847.7542922767,error1
0.0023490958840234333,353.0660496257503,57.841285340730195,22602.648595922048,176.53302481287514,0.9948949660273136,57.841285340730195,0.43241217484163774,0.0011477428810543317,10.47480238643205,1395.6438931554528,551591.9953383274,0.0017465575416928392,353.5184632936596,105.84188834140876,22430.949704918137,176.7592316468298,0.9906071910987442,105.84188834140876,0.4453629560324335,0.001172788997773111,10.545732887495669,6025.160324611301,1507343.0020194247,-0.0006024838164931379,352.945939171123,56.809539990235876,22641.891141422,176.4729695855615,0.9949944676756932,56.809539990235876,0.4367841617272231,0.0011620908633579732,10.456162847689363,4622.126832610584,966449.4379326002,-0.0029557127628646596,353.51846990106503,106.4353003581951,22430.351646370353,176.75923495053252,0.9905545275278298,106.4353003581951,0.44520487723626495,0.001172660771237315,10.546621443718479,3288.01421149637,1524035.7070566893,error1
0.0,0.05475065051040046,1.9866664613773883,25.823666364174738,0.02737532525520023,0.8571274587843195,1.9866664613773883,0.9999693273666609,0.9996921073288841,0.0024139949937268526,0.0,128171.77342222359,0.0,0.054823846567232555,3.694455946224528,24.153052455777182,0.027411923283616278,0.7346652423671987,3.694455946224528,0.9999429603837237,0.9996124299445424,0.0030309155537792485,0.0,238351.51982662166,0.0,0.05473367576695751,1.9860505206867436,25.815660993664707,0.027366837883478753,0.8571274635588976,1.9860505206867436,0.9999693368763212,0.9996922027743111,0.0024133154256816168,0.0,128132.03539262596,0.0,0.054823846567232555,3.694455946224528,24.153052455777182,0.027411923283616278,0.7346652423671987,3.694455946224528,0.9999429603837237,0.9996124299445424,0.0030309155537792485,0.0,238351.51982662166,error1
0.002153337893687879,355.1690689178102,59.767507455040985,22864.822672621296,177.5845344589051,0.9947857294734076,59.767507455040985,0.432195595326648,0.001132578423036588,10.485076711955237,1912.6400578609264,621396.466877422,0.002731060973138577,355.624523165564,113.63221994177641,22685.578726597152,177.812261582782,0.9900319164370839,113.63221994177641,0.44587384099363714,0.0011584944581345216,10.54571002187054,6192.932684043928,1746651.3261393006,0.0005804953560371029,355.0488451660568,62.625157979940425,22900.259901301455,177.5244225830284,0.9945455322518653,62.625157979940425,0.43649080924314493,0.0011458689104367273,10.461307821720107,4222.641647188096,1128279.0447967306,-0.0015747649966080246,355.6245209630955,114.00995488032453,22685.20253230649,177.81226048154775,0.9899987813224299,114.00995488032453,0.44518067053280413,0.0011580942565374984,10.547121538524518,2374.5105770357213,1759659.1780982753,error1
0.0,0.05475065051040046,1.9866664613773883,25.823666364174738,0.02737532525520023,0.8571274587843195,1.9866664613773883,0.9999693273666609,0.9996921073288841,0.0024139949937268526,0.0,128171.77342222359,0.0,0.054823846567232555,3.694455946224528,24.153052455777182,0.027411923283616278,0.7346652423671987,3.694455946224528,0.9999429603837237,0.9996124299445424,0.0030309155537792485,0.0,238351.51982662166,0.0,0.05473367576695751,1.9860505206867436,25.815660993664707,0.027366837883478753,0.8571274635588976,1.9860505206867436,0.9999693368763212,0.9996922027743111,0.0024133154256816168,0.0,128132.03539262596,0.0,0.054823846567232555,3.694455946224528,24.153052455777182,0.027411923283616278,0.7346652423671987,3.694455946224528,0.9999429603837237,0.9996124299445424,0.0030309155537792485,0.0,238351.51982662166,error1
0.0,0.05475065051040046,1.9866664613773883,25.823666364174738,0.02737532525520023,0.8571274587843195,1.9866664613773883,0.9999693273666609,0.9996921073288841,0.0024139949937268526,0.0,128171.77342222359,0.0,0.054823846567232555,3.694455946224528,24.153052455777182,0.027411923283616278,0.7346652423671987,3.694455946224528,0.9999429603837237,0.9996124299445424,0.0030309155537792485,0.0,238351.51982662166,0.0,0.05473367576695751,1.9860505206867436,25.815660993664707,0.027366837883478753,0.8571274635588976,1.9860505206867436,0.9999693368763212,0.9996922027743111,0.0024133154256816168,0.0,128132.03539262596,0.0,0.054823846567232555,3.694455946224528,24.153052455777182,0.027411923283616278,0.7346652423671987,3.694455946224528,0.9999429603837237,0.9996124299445424,0.0030309155537792485,0.0,238351.51982662166,error1
0.0021225445019497635,353.94513717356256,58.43049810894384,22679.621229308537,176.97256858678128,0.994860553682483,58.43049810894384,0.433057407748919,0.0011374260065769018,10.487994759639964,1385.9322472877125,574824.7380525862,0.0026649869173369645,354.39900800817554,107.87355798959958,22505.619184631192,177.19950400408777,0.990459363423649,107.87355798959958,0.4451161324113257,0.001155719337337062,10.568709118939847,5957.818813873579,1611051.9789880635,0.000545313819307669,353.825275295525,58.35066287460019,22717.765084140017,176.9126376477625,0.9948761532894566,58.35066287460019,0.4363654769797632,0.0011474842644798777,10.479172538166232,4514.371994412176,1038341.5101490689,-0.0015813724021884745,354.39899919830145,108.7538275920293,22504.745093572394,177.19949959915073,0.9903815125672308,108.7538275920293,0.445163315908915,0.0011558947900326202,10.56859237251288,3104.3195820296833,1617944.7702890267,error2
0.0,0.13520058595425422,3.1219044393073245,65.54171402701145,0.06760029297712711,0.9090667078408007,3.1219044393073245,0.99995180014761,0.9993227502517257,0.004830857085134747,0.0,201412.78680635136,0.0,0.13538133540071712,5.9679672977473155,62.7874229798421,0.06769066770035856,0.826400016822132,5.9679672977473155,0.9999078590813996,0.9991897749816796,0.005831895816962346,0.0,385029.3781814658,0.0,0.13515866873065016,3.12093653250774,65.5213993169295,0.06757933436532508,0.9090667153460867,3.12093653250774,0.9999518150913616,0.9993229601609112,0.004829510843989016,0.0,201350.34133126936,0.0,0.13538133540071712,5.9679672977473155,62.7874229798421,0.06769066770035856,0.826400016822132,5.9679672977473155,0.9999078590813996,0.9991897749816796,0.005831895816962346,0.0,385029.3781814658,error2
0.0,0.13520058595425422,3.1219044393073245,65.54171402701145,0.06760029297712711,0.9090667078408007,3.1219044393073245,0.99995180014761,0.9993227502517257,0.004830857085134747,0.0,201412.78680635136,0.0,0.13538133540071712,5.9679672977473155,62.7874229798421,0.06769066770035856,0.826400016822132,5.9679672977473155,0.9999078590813996,0.9991897749816796,0.005831895816962346,0.0,385029.3781814658,0.0,0.13515866873065016,3.12093653250774,65.5213993169295,0.06757933436532508,0.9090667153460867,3.12093653250774,0.9999518150913616,0.9993229601609112,0.004829510843989016,0.0,201350.34133126936,0.0,0.13538133540071712,5.9679672977473155,62.7874229798421,0.06769066770035856,0.826400016822132,5.9679672977473155,0.9999078590813996,0.9991897749816796,0.005831895816962346,0.0,385029.3781814658,error2
0.0,0.13520058595425422,3.1219044393073245,65.54171402701145,0.06760029297712711,0.9090667078408007,3.1219044393073245,0.99995180014761,0.9993227502517257,0.004830857085134747,0.0,201412.78680635136,0.0,0.13538133540071712,5.9679672977473155,62.7874229798421,0.06769066770035856,0.826400016822132,5.9679672977473155,0.9999078590813996,0.9991897749816796,0.005831895816962346,0.0,385029.3781814658,0.0,0.13515866873065016,3.12093653250774,65.5213993169295,0.06757933436532508,0.9090667153460867,3.12093653250774,0.9999518150913616,0.9993229601609112,0.004829510843989016,0.0,201350.34133126936,0.0,0.13538133540071712,5.9679672977473155,62.7874229798421,0.06769066770035856,0.826400016822132,5.9679672977473155,0.9999078590813996,0.9991897749816796,0.005831895816962346,0.0,385029.3781814658,error2
0.0,0.13520058595425422,3.1219044393073245,65.54171402701145,0.06760029297712711,0.9090667078408007,3.1219044393073245,0.99995180014761,0.9993227502517257,0.004830857085134747,0.0,201412.78680635136,0.0,0.13538133540071712,5.9679672977473155,62.7874229798421,0.06769066770035856,0.826400016822132,5.9679672977473155,0.9999078590813996,0.9991897749816796,0.005831895816962346,0.0,385029.3781814658,0.0,0.13515866873065016,3.12093653250774,65.5213993169295,0.06757933436532508,0.9090667153460867,3.12093653250774,0.9999518150913616,0.9993229601609112,0.004829510843989016,0.0,201350.34133126936,0.0,0.13538133540071712,5.9679672977473155,62.7874229798421,0.06769066770035856,0.826400016822132,5.9679672977473155,0.9999078590813996,0.9991897749816796,0.005831895816962346,0.0,385029.3781814658,error2
0.0021137463900247067,352.2339835871222,59.16264622723702,22599.51933728218,176.1169917935611,0.9947779269535322,59.16264622723702,0.43306122871033587,0.0011921239455647708,10.41244924804355,1709.1727951087632,624885.4803784715,0.0024733721555117993,352.6851681364473,115.9669810816831,22419.85073729674,176.34258406822366,0.9897082073940315,115.9669810816831,0.44761742763767287,0.001225951546643583,10.467633307491027,5298.258504246063,1845603.5250181518,0.0003540142133409141,352.1142498416831,65.54482774900549,22631.068574735425,176.05712492084155,0.994224263630284,65.54482774900549,0.4384540655258065,0.0012120133723374504,10.381591074296555,3630.3351763654323,1236417.4902739138,-0.0017685822269598583,352.6851681364474,116.3524689227913,22419.46527006507,176.3425840682237,0.9896739962782405,116.3524689227913,0.4470396030001018,0.0012240706740113765,10.46943840976449,2170.101542829526,1883712.1563878476,error2
0.0,0.13520058595425422,3.1219044393073245,65.54171402701145,0.06760029297712711,0.9090667078408007,3.1219044393073245,0.99995180014761,0.9993227502517257,0.004830857085134747,0.0,201412.78680635136,0.0,0.13538133540071712,5.9679672977473155,62.7874229798421,0.06769066770035856,0.826400016822132,5.9679672977473155,0.9999078590813996,0.9991897749816796,0.005831895816962346,0.0,385029.3781814658,0.0,0.13515866873065016,3.12093653250774,65.5213993169295,0.06757933436532508,0.9090667153460867,3.12093653250774,0.9999518150913616,0.9993229601609112,0.004829510843989016,0.0,201350.34133126936,0.0,0.13538133540071712,5.9679672977473155,62.7874229798421,0.06769066770035856,0.826400016822132,5.9679672977473155,0.9999078590813996,0.9991897749816796,0.005831895816962346,0.0,385029.3781814658,error2
0.0,0.13520058595425422,3.1219044393073245,65.54171402701145,0.06760029297712711,0.9090667078408007,3.1219044393073245,0.99995180014761,0.9993227502517257,0.004830857085134747,0.0,201412.78680635136,0.0,0.13538133540071712,5.9679672977473155,62.7874229798421,0.06769066770035856,0.826400016822132,5.9679672977473155,0.9999078590813996,0.9991897749816796,0.005831895816962346,0.0,385029.3781814658,0.0,0.13515866873065016,3.12093653250774,65.5213993169295,0.06757933436532508,0.9090667153460867,3.12093653250774,0.9999518150913616,0.9993229601609112,0.004829510843989016,0.0,201350.34133126936,0.0,0.13538133540071712,5.9679672977473155,62.7874229798421,0.06769066770035856,0.826400016822132,5.9679672977473155,0.9999078590813996,0.9991897749816796,0.005831895816962346,0.0,385029.3781814658,error2
0.002307304852378733,353.2789485376438,60.426208210919796,22565.70431566869,176.6394742688219,0.9946587236251294,60.426208210919796,0.4326120234121971,0.0011987823863059911,10.426028339010498,1943.0933055544153,661977.5035928626,0.0032948929159802853,353.7323780493177,111.90969674395907,22389.843865369206,176.86618902465884,0.990053246611639,111.90969674395907,0.44545377344362125,0.0012245246099942125,10.495144562803148,6160.443491848163,1735732.5870556962,0.0009872818744722234,353.1599066809738,60.037429981508666,22603.6455990238,176.5799533404869,0.9947018823105918,60.037429981508666,0.4367300412736405,0.0012100471053232505,10.414142040497158,4253.793125047005,1085070.7337260405,-0.0013126712419279096,353.7323824542547,111.78613858294923,22389.964369184934,176.86619122712736,0.99006422735472,111.78613858294923,0.44564528025335126,0.001226388131591476,10.495033078972252,2548.1097657824766,1759567.5485753217,error2
0.0,0.13520058595425422,3.1219044393073245,65.54171402701145,0.06760029297712711,0.9090667078408007,3.1219044393073245,0.99995180014761,0.9993227502517257,0.004830857085134747,0.0,201412.78680635136,0.0,0.13538133540071712,5.9679672977473155,62.7874229798421,0.06769066770035856,0.826400016822132,5.9679672977473155,0.9999078590813996,0.9991897749816796,0.005831895816962346,0.0,385029.3781814658,0.0,0.13515866873065016,3.12093653250774,65.5213993169295,0.06757933436532508,0.9090667153460867,3.12093653250774,0.9999518150913616,0.9993229601609112,0.004829510843989016,0.0,201350.34133126936,0.0,0.13538133540071712,5.9679672977473155,62.7874229798421,0.06769066770035856,0.826400016822132,5.9679672977473155,0.9999078590813996,0.9991897749816796,0.005831895816962346,0.0,385029.3781814658,error2
0.002122544501949819,353.9365634134915,58.7835135518298,22678.251237620305,176.96828170674576,0.9948292717854207,58.7835135518298,0.4330375390744693,0.0011374335230870279,10.487994858481596,1380.4547188099675,605173.9572661703,0.0026649869173369645,354.39042278585845,108.52176209676287,22503.960437750407,177.19521139292922,0.9904016055258591,108.52176209676287,0.44511465235008024,0.0011558110656684213,10.568689143880285,5953.865534880484,1666823.4239513022,0.000545313819307669,353.8167041936391,58.670784074994216,22716.426247320887,176.90835209681956,0.9948478125916069,58.670784074994216,0.43635444550789254,0.0011475027009096703,10.47920292853853,4516.559832660283,1065744.0529460993,-0.0015813724021883635,354.3904139759843,109.40082915137702,22503.087549088155,177.19520698799215,0.9903238575674222,109.40082915137702,0.44516160424097695,0.001155970340756628,10.568580305537074,3112.558068936798,1673523.1914065739,error2
0.002307304852378622,353.28476408962644,60.20781267860104,22566.746050708738,176.64238204481322,0.9946782219964596,60.20781267860104,0.43260943728908413,0.0011982852995834176,10.426313395249736,1941.9574589467254,642288.229866409,0.0032948929159801743,353.7382013761023,111.50109478288108,22391.071626577566,176.86910068805116,0.9900899247242883,111.50109478288108,0.4454405327150425,0.0012239705374385576,10.495484520959133,6157.232882569606,1698923.5416151811,0.0009872818744722789,353.16572042991834,59.83194781854779,22604.67554959796,176.58286021495917,0.9947202075469395,59.83194781854779,0.4367243349008607,0.0012095625711432418,10.414433494534594,4251.900843842022,1066499.820283799,-0.0013126712419279096,353.7382057810393,111.38221466502202,22391.18745229884,176.86910289051966,0.9901004892940211,111.38221466502202,0.44563009114786134,0.0012258201653456361,10.495354859968728,2549.950703029821,1723184.2290294939,error2
0.002463471339050727,353.93316514276034,60.37211887329641,22785.267168208964,176.96658257138017,0.9947147796465926,60.37211887329641,0.43355052091134694,0.0011277016988614403,10.51018232668914,1900.2710031250642,637709.3473834945,0.002616532609749034,354.3867710930411,114.35574027513073,22607.050475957618,177.19338554652055,0.9899340965795081,114.35574027513073,0.44595368901130583,0.0011517980056119095,10.571830658260621,6037.578372934141,1768449.3927282495,0.00015611806923726546,353.81290678651845,62.4733917396294,22821.47127383493,176.90645339325923,0.9945399805276002,62.4733917396294,0.43751997367653117,0.0011408864716335259,10.48981576860497,4143.5635953937635,1136057.5335077397,-0.0023081870160076567,354.3867710930411,114.27501251226778,22607.13118761925,177.19338554652055,0.9899412024497272,114.27501251226778,0.44665317543885635,0.0011542328691951018,10.571540971589885,2429.330715284521,1787181.8975671197,error2
0.0023073048523786777,353.2821510503846,60.31275655764459,22566.302593963963,176.6410755251923,0.9946688662335613,60.31275655764459,0.43261346668853995,0.0011984871307632085,10.42624563179648,1941.8189145099095,651450.5364845872,0.0032948929159802853,353.7355848434926,111.68247687593099,22390.553651919232,176.8677924217463,0.9900736552370397,111.68247687593099,0.4454464302182854,0.0012242021804616397,10.49537177198018,6154.950834355735,1714800.4339153776,0.0009872818744722789,353.1631082008162,59.913234759161355,22604.25523280672,176.5815541004081,0.9947129553996255,59.913234759161355,0.4367332934458708,0.0012097642693612545,10.41434964224721,4246.568291479784,1073616.5118055935,-0.0013126712419277986,353.7355892484296,111.55802451269929,22390.675049908936,176.8677946242148,0.9900847152241476,111.55802451269929,0.4456309835888627,0.0012260392641862319,10.495265253731194,2547.888166904949,1738602.693631615,error2
0.002247917596883753,355.0436716280686,59.44898239416028,22939.24559247547,177.5218358140343,0.9948302298462481,59.44898239416028,0.4332912477712398,0.0011401041945163337,10.481317828072434,1570.7910721485096,607997.7566940181,0.0026782017284974202,355.4992952100715,113.29577113556348,22760.02606131335,177.74964760503576,0.9900936320517393,113.29577113556348,0.4466097390033942,0.0011650522849264826,10.545897737263221,6239.482096173377,1805405.466763135,0.00043317267098230694,354.923755013369,62.68056245308759,22974.09833064727,177.4618775066845,0.9945582181654825,62.68056245308759,0.43742999903645013,0.0011537482097395393,10.457781355122016,4580.800214580004,1196201.1665985119,-0.0018148340660212314,355.49929521007147,113.93961382924863,22759.382204879057,177.74964760503573,0.9900373356583386,113.93961382924863,0.44658936535454813,0.0011649985409097675,10.544559153260996,2991.782723678518,1807735.3841226897,error2
0.0023490958840233223,353.00854516620734,58.23983101282896,22622.35047675215,176.50427258310367,0.994864346101879,58.23983101282896,0.4324893680726839,0.0011475206551956412,10.475450390944763,1391.1831603599771,553148.7164013399,0.0017465575416927281,353.4608819564969,106.67929330489184,22450.291695425978,176.73044097824845,0.9905413458785546,106.67929330489184,0.4454319994509874,0.0011725560930589743,10.546519911944529,6017.42110968912,1513944.2205435745,-0.0006024838164931379,352.8884525401069,57.20482654385254,22661.576241022904,176.44422627005346,0.9949640936832155,57.20482654385254,0.4368726073728133,0.0011619104101186235,10.45671543188336,4616.754983393256,967876.1956770717,-0.0029557127628645485,353.4608885639024,107.2717098059041,22449.6946331549,176.7304442819512,0.9904888176738865,107.2717098059041,0.4452700819751955,0.0011724047434928126,10.54745260908394,3286.3420652005616,1530416.6193368006,error2
0.0,0.13520058595425422,3.1219044393073245,65.54171402701145,0.06760029297712711,0.9090667078408007,3.1219044393073245,0.99995180014761,0.9993227502517257,0.004830857085134747,0.0,201412.78680635136,0.0,0.13538133540071712,5.9679672977473155,62.7874229798421,0.06769066770035856,0.826400016822132,5.9679672977473155,0.9999078590813996,0.9991897749816796,0.005831895816962346,0.0,385029.3781814658,0.0,0.13515866873065016,3.12093653250774,65.5213993169295,0.06757933436532508,0.9090667153460867,3.12093653250774,0.9999518150913616,0.9993229601609112,0.004829510843989016,0.0,201350.34133126936,0.0,0.13538133540071712,5.9679672977473155,62.7874229798421,0.06769066770035856,0.826400016822132,5.9679672977473155,0.9999078590813996,0.9991897749816796,0.005831895816962346,0.0,385029.3781814658,error2
0.0,0.13520058595425422,3.1219044393073245,65.54171402701145,0.06760029297712711,0.9090667078408007,3.1219044393073245,0.99995180014761,0.9993227502517257,0.004830857085134747,0.0,201412.78680635136,0.0,0.13538133540071712,5.9679672977473155,62.7874229798421,0.06769066770035856,0.826400016822132,5.9679672977473155,0.9999078590813996,0.9991897749816796,0.005831895816962346,0.0,385029.3781814658,0.0,0.13515866873065016,3.12093653250774,65.5213993169295,0.06757933436532508,0.9090667153460867,3.12093653250774,0.9999518150913616,0.9993229601609112,0.004829510843989016,0.0,201350.34133126936,0.0,0.13538133540071712,5.9679672977473155,62.7874229798421,0.06769066770035856,0.826400016822132,5.9679672977473155,0.9999078590813996,0.9991897749816796,0.005831895816962346,0.0,385029.3781814658,error2
0.0022897086285282864,354.88933734820506,59.42416493031525,22948.579435602573,177.44466867410253,0.9948344788220576,59.42416493031525,0.4339812702605109,0.0011195688193429722,10.504504379177614,1910.0954492370172,616645.4234634505,0.0024623598128782342,355.3444396479575,113.13465286250812,22769.790795823094,177.67221982397874,0.990111871568497,113.13465286250812,0.44596334956924083,0.0011417752377672937,10.567712423756511,5961.077783187941,1761536.7773292223,0.00017370883760214895,354.7690486032931,62.36324713771153,22983.898860738173,177.38452430164654,0.9945879946304654,62.36324713771153,0.43797193000934037,0.0011339820738610845,10.481845814709665,4115.537501122349,1161523.8664948961,-0.0021187747227092713,355.3444396479575,113.40207376009549,22769.523367689646,177.67221982397874,0.9900884986012558,113.40207376009549,0.44642926155636004,0.0011435810860061586,10.568602950743276,2504.339392447272,1803656.9123706573,error2
0.0,0.13520058595425422,3.1219044393073245,65.54171402701145,0.06760029297712711,0.9090667078408007,3.1219044393073245,0.99995180014761,0.9993227502517257,0.004830857085134747,0.0,201412.78680635136,0.0,0.13538133540071712,5.9679672977473155,62.7874229798421,0.06769066770035856,0.826400016822132,5.9679672977473155,0.9999078590813996,0.9991897749816796,0.005831895816962346,0.0,385029.3781814658,0.0,0.13515866873065016,3.12093653250774,65.5213993169295,0.06757933436532508,0.9090667153460867,3.12093653250774,0.9999518150913616,0.9993229601609112,0.004829510843989016,0.0,201350.34133126936,0.0,0.13538133540071712,5.9679672977473155,62.7874229798421,0.06769066770035856,0.826400016822132,5.9679672977473155,0.9999078590813996,0.9991897749816796,0.005831895816962346,0.0,385029.3781814658,error2
0.0023029057964161215,352.46287966602364,60.965880017635,22713.95315068897,176.23143983301182,0.9946462264093684,60.965880017635,0.43366302571955123,0.001144355233606113,10.467877327982787,1511.2680964301926,666927.7334880942,0.002872018958849032,352.9147204186452,119.26530551517342,22532.51303415282,176.4573602093226,0.9894696739720108,119.26530551517342,0.447057007146244,0.001172742424609513,10.525526716884174,4636.1383020599005,1864002.2898286576,0.0005716999718547999,352.3435608992401,66.8376764603812,22745.713565085265,176.17178044962006,0.9941402716642488,66.8376764603812,0.4381421017802476,0.0011599894724171425,10.439554739302752,3143.4581001360552,1203933.1514520445,-0.001735545199059052,352.91472041864523,119.29984545804824,22532.478481826576,176.45736020932262,0.9894666243211114,119.29984545804824,0.4475040462406348,0.001174062959121971,10.523795723290602,1792.3808923456218,1881454.1652283939,error3
0.0,0.40336703743376673,5.392380395167197,199.35536965429822,0.20168351871688336,0.9473265968108385,5.392380395167197,0.999916745709508,0.9981627557399448,0.011479589937297016,0.0,347894.8135746069,0.0,0.40390629817899903,10.514990000792888,194.50626917642995,0.20195314908949952,0.8974253690272337,10.514990000792888,0.9998376564767518,0.9979227847167506,0.013222774828528152,0.0,678385.0948911541,0.0,0.4032419786096257,5.3907085561497325,199.2936124842271,0.20162098930481284,0.9473266097882141,5.3907085561497325,0.9999167715214429,0.9981633248703927,0.011476442169083494,0.0,347786.9532085561,0.0,0.40390629817899903,10.514990000792888,194.50626917642995,0.20195314908949952,0.8974253690272337,10.514990000792888,0.9998376564767518,0.9979227847167506,0.013222774828528152,0.0,678385.0948911541,error3
0.0022479175968838083,354.789978070706,61.771459590553945,22996.132994582742,177.394989035353,0.994642057805958,61.771459590553945,0.4335880410023412,0.0011408519129430992,10.481599179106595,1555.165720575772,749040.2898957252,0.002678201728497309,355.245262490199,117.92366407797333,22814.918605704435,177.6226312450995,0.9897157393147551,117.92366407797333,0.44688477730349063,0.0011659874110590636,10.546578850448245,6208.382574211566,2084867.3307202775,0.00043317267098225143,354.67014011047,65.02582086147486,23030.883788938645,177.335070055235,0.9943690617117819,65.02582086147486,0.4377200919475392,0.0011545505782088706,10.458026687551,4563.644043633534,1339140.5307534994,-0.0018148340660211204,355.245262490199,118.57478813260784,22814.26746790919,177.6226312450995,0.9896589540181034,118.57478813260784,0.4468474487560067,0.0011659079297926232,10.545255559834304,2994.127753920344,2088020.6688570066,error3
0.0,0.40336703743376673,5.392380395167197,199.35536965429822,0.20168351871688336,0.9473265968108385,5.392380395167197,0.999916745709508,0.9981627557399448,0.011479589937297016,0.0,347894.8135746069,0.0,0.40390629817899903,10.514990000792888,194.50626917642995,0.20195314908949952,0.8974253690272337,10.514990000792888,0.9998376564767518,0.9979227847167506,0.013222774828528152,0.0,678385.0948911541,0.0,0.4032419786096257,5.3907085561497325,199.2936124842271,0.20162098930481284,0.9473266097882141,5.3907085561497325,0.9999167715214429,0.9981633248703927,0.011476442169083494,0.0,347786.9532085561,0.0,0.40390629817899903,10.514990000792888,194.50626917642995,0.20195314908949952,0.8974253690272337,10.514990000792888,0.9998376564767518,0.9979227847167506,0.013222774828528152,0.0,678385.0948911541,error3
0.0,0.40336703743376673,5.392380395167197,199.35536965429822,0.20168351871688336,0.9473265968108385,5.392380395167197,0.999916745709508,0.9981627557399448,0.011479589937297016,0.0,347894.8135746069,0.0,0.40390629817899903,10.514990000792888,194.50626917642995,0.20195314908949952,0.8974253690272337,10.514990000792888,0.9998376564767518,0.9979227847167506,0.013222774828528152,0.0,678385.0948911541,0.0,0.4032419786096257,5.3907085561497325,199.2936124842271,0.20162098930481284,0.9473266097882141,5.3907085561497325,0.9999167715214429,0.9981633248703927,0.011476442169083494,0.0,347786.9532085561,0.0,0.40390629817899903,10.514990000792888,194.50626917642995,0.20195314908949952,0.8974253690272337,10.514990000792888,0.9998376564767518,0.9979227847167506,0.013222774828528152,0.0,678385.0948911541,error3
0.0,0.40336703743376673,5.392380395167197,199.35536965429822,0.20168351871688336,0.9473265968108385,5.392380395167197,0.999916745709508,0.9981627557399448,0.011479589937297016,0.0,347894.8135746069,0.0,0.40390629817899903,10.514990000792888,194.50626917642995,0.20195314908949952,0.8974253690272337,10.514990000792888,0.9998376564767518,0.9979227847167506,0.013222774828528152,0.0,678385.0948911541,0.0,0.4032419786096257,5.3907085561497325,199.2936124842271,0.20162098930481284,0.9473266097882141,5.3907085561497325,0.9999167715214429,0.9981633248703927,0.011476442169083494,0.0,347786.9532085561,0.0,0.40390629817899903,10.514990000792888,194.50626917642995,0.20195314908949952,0.8974253690272337,10.514990000792888,0.9998376564767518,0.9979227847167506,0.013222774828528152,0.0,678385.0948911541,error3
0.0,0.40336703743376673,5.392380395167197,199.35536965429822,0.20168351871688336,0.9473265968108385,5.392380395167197,0.999916745709508,0.9981627557399448,0.011479589937297016,0.0,347894.8135746069,0.0,0.40390629817899903,10.514990000792888,194.50626917642995,0.20195314908949952,0.8974253690272337,10.514990000792888,0.9998376564767518,0.9979227847167506,0.013222774828528152,0.0,678385.0948911541,0.0,0.4032419786096257,5.3907085561497325,199.2936124842271,0.20162098930481284,0.9473266097882141,5.3907085561497325,0.9999167715214429,0.9981633248703927,0.011476442169083494,0.0,347786.9532085561,0.0,0.40390629817899903,10.514990000792888,194.50626917642995,0.20195314908949952,0.8974253690272337,10.514990000792888,0.9998376564767518,0.9979227847167506,0.013222774828528152,0.0,678385.0948911541,error3
0.0,0.40336703743376673,5.392380395167197,199.35536965429822,0.20168351871688336,0.9473265968108385,5.392380395167197,0.999916745709508,0.9981627557399448,0.011479589937297016,0.0,347894.8135746069,0.0,0.40390629817899903,10.514990000792888,194.50626917642995,0.20195314908949952,0.8974253690272337,10.514990000792888,0.9998376564767518,0.9979227847167506,0.013222774828528152,0.0,678385.0948911541,0.0,0.4032419786096257,5.3907085561497325,199.2936124842271,0.20162098930481284,0.9473266097882141,5.3907085561497325,0.9999167715214429,0.9981633248703927,0.011476442169083494,0.0,347786.9532085561,0.0,0.40390629817899903,10.514990000792888,194.50626917642995,0.20195314908949952,0.8974253690272337,10.514990000792888,0.9998376564767518,0.9979227847167506,0.013222774828528152,0.0,678385.0948911541,error3
0.0023490958840233223,352.78169904738445,60.000900687276825,22683.425854678848,176.39084952369222,0.9947236710340347,60.000900687276825,0.43277442837639957,0.0011464112805956914,10.47708169013276,1385.8389617970677,639365.232212442,0.0017465575416928392,353.23373256746163,110.19895253896138,22509.8979169025,176.61686628373081,0.9902565445961566,110.19895253896138,0.4456902957118971,0.0011714259158484212,10.548658710246958,6012.568874911882,1685532.9710700521,-0.0006024838164931934,352.66167675204053,58.97117716304759,22722.572404112234,176.33083837602027,0.9948228989003568,58.97117716304759,0.43716580880795397,0.0011608980570065085,10.458227417824464,4615.316225521847,1054586.7667292017,-0.0029557127628644375,353.2337391748672,110.78305251881673,22509.309174154314,176.6168695874336,0.9902048982463268,110.78305251881673,0.44553383957377773,0.001171297233452467,10.549599839110506,3285.9890858459776,1701271.567714548,error3
0.0022897086285283974,354.68298203205586,60.70794583093398,23013.07886451629,177.34149101602793,0.9947379295535694,60.70794583093398,0.43426564578848154,0.0011194217470701115,10.505562983487804,1902.9637101631668,663479.9042499169,0.0024623598128782342,355.1378084557172,115.7197033871361,22833.26492023744,177.5689042278586,0.9899150480698778,115.7197033871361,0.4462025653158982,0.001141677223062884,10.56918895661276,5950.799143918236,1856018.63129978,0.00017370883760214895,354.56275726498734,63.647452386796814,23048.327854200892,177.28137863249367,0.9944922533411754,63.647452386796814,0.4382393210893276,0.0011338443011071502,10.482822614640899,4113.2218032159935,1208389.6154474863,-0.0021187747227091602,355.1378084557173,115.99373169030366,22832.990884698407,177.56890422785864,0.9898911665479511,115.99373169030366,0.44669817960648805,0.001143546628251144,10.570028227319657,2507.762102375089,1898710.988014203,error3
0.0,0.40336703743376673,5.392380395167197,199.35536965429822,0.20168351871688336,0.9473265968108385,5.392380395167197,0.999916745709508,0.9981627557399448,0.011479589937297016,0.0,347894.8135746069,0.0,0.40390629817899903,10.514990000792888,194.50626917642995,0.20195314908949952,0.8974253690272337,10.514990000792888,0.9998376564767518,0.9979227847167506,0.013222774828528152,0.0,678385.0948911541,0.0,0.4032419786096257,5.3907085561497325,199.2936124842271,0.20162098930481284,0.9473266097882141,5.3907085561497325,0.9999167715214429,0.9981633248703927,0.011476442169083494,0.0,347786.9532085561,0.0,0.40390629817899903,10.514990000792888,194.50626917642995,0.20195314908949952,0.8974253690272337,10.514990000792888,0.9998376564767518,0.9979227847167506,0.013222774828528152,0.0,678385.0948911541,error3
0.0023490958840233778,353.8816653946063,61.3788785732225,22872.774254960987,176.94083269730314,0.9946473821626731,61.3788785732225,0.43377046891902266,0.0011430436659406466,10.483861562404352,1914.14544173595,683773.7287470306,0.003041609035406845,354.33503290487977,116.49296707648276,22693.692466675788,177.16751645243988,0.9897858816260076,116.49296707648276,0.44737050824823654,0.0011724098932315461,10.54301788827243,5651.367443604968,1794558.2092858178,0.0006926365043624649,353.7614010167464,63.76381486995915,22908.651316637635,176.8807005083732,0.9944486624932567,63.76381486995915,0.4383499345216123,0.0011599175458844927,10.458091232294473,3730.8985324787063,1117792.0745043294,-0.0016584588006236523,354.33503290487977,116.81163553370334,22693.3737959096,177.16751645243988,0.9897579407335523,116.81163553370334,0.4475044236096647,0.0011717998027374068,10.544430721842184,1967.0750435796745,1815665.245513068,error3
0.0023029057964162325,352.45878854397847,61.104657036086834,22713.357193647662,176.22939427198924,0.9946339318630879,61.104657036086834,0.43365006396687344,0.0011441791191372128,10.467986660846774,1507.6712393387716,678532.3373104995,0.002872018958849032,352.9106238271855,119.51181019762151,22531.81244023581,176.45531191359274,0.9894476977260714,119.51181019762151,0.4470791791200085,0.0011726439453368497,10.525581485300274,4637.553162717826,1884613.1533472943,0.0005716999718547999,352.33947104559525,66.94471188818869,22745.148515390065,176.16973552279762,0.9941307699191598,66.94471188818869,0.43815288991704804,0.001159877065751713,10.439594664983613,3146.7908570324416,1212903.0338134232,-0.001735545199059163,352.91062382718553,119.53798516503181,22531.786252885027,176.45531191359277,0.9894453866000223,119.53798516503181,0.44749240124490364,0.0011738638364626195,10.523934728701233,1804.2931569287548,1901341.8197084437,error3
0.0,0.40336703743376673,5.392380395167197,199.35536965429822,0.20168351871688336,0.9473265968108385,5.392380395167197,0.999916745709508,0.9981627557399448,0.011479589937297016,0.0,347894.8135746069,0.0,0.40390629817899903,10.514990000792888,194.50626917642995,0.20195314908949952,0.8974253690272337,10.514990000792888,0.9998376564767518,0.9979227847167506,0.013222774828528152,0.0,678385.0948911541,0.0,0.4032419786096257,5.3907085561497325,199.2936124842271,0.20162098930481284,0.9473266097882141,5.3907085561497325,0.9999167715214429,0.9981633248703927,0.011476442169083494,0.0,347786.9532085561,0.0,0.40390629817899903,10.514990000792888,194.50626917642995,0.20195314908949952,0.8974253690272337,10.514990000792888,0.9998376564767518,0.9979227847167506,0.013222774828528152,0.0,678385.0948911541,error3
0.0,0.40336703743376673,5.392380395167197,199.35536965429822,0.20168351871688336,0.9473265968108385,5.392380395167197,0.999916745709508,0.9981627557399448,0.011479589937297016,0.0,347894.8135746069,0.0,0.40390629817899903,10.514990000792888,194.50626917642995,0.20195314908949952,0.8974253690272337,10.514990000792888,0.9998376564767518,0.9979227847167506,0.013222774828528152,0.0,678385.0948911541,0.0,0.4032419786096257,5.3907085561497325,199.2936124842271,0.20162098930481284,0.9473266097882141,5.3907085561497325,0.9999167715214429,0.9981633248703927,0.011476442169083494,0.0,347786.9532085561,0.0,0.40390629817899903,10.514990000792888,194.50626917642995,0.20195314908949952,0.8974253690272337,10.514990000792888,0.9998376564767518,0.9979227847167506,0.013222774828528152,0.0,678385.0948911541,error3
0.0,0.40336703743376673,5.392380395167197,199.35536965429822,0.20168351871688336,0.9473265968108385,5.392380395167197,0.999916745709508,0.9981627557399448,0.011479589937297016,0.0,347894.8135746069,0.0,0.40390629817899903,10.514990000792888,194.50626917642995,0.20195314908949952,0.8974253690272337,10.514990000792888,0.9998376564767518,0.9979227847167506,0.013222774828528152,0.0,678385.0948911541,0.0,0.4032419786096257,5.3907085561497325,199.2936124842271,0.20162098930481284,0.9473266097882141,5.3907085561497325,0.9999167715214429,0.9981633248703927,0.011476442169083494,0.0,347786.9532085561,0.0,0.40390629817899903,10.514990000792888,194.50626917642995,0.20195314908949952,0.8974253690272337,10.514990000792888,0.9998376564767518,0.9979227847167506,0.013222774828528152,0.0,678385.0948911541,error3
0.002302905796416177,352.4523351288813,61.19123485648659,22712.464297984156,176.22616756444066,0.9946261385425545,61.19123485648659,0.4336714390364583,0.001144481905281128,10.467848583883393,1498.0843240207441,686054.0162162539,0.002872018958849143,352.90416178452807,119.71902724648987,22530.803666880805,176.45208089226404,0.9894290274124597,119.71902724648987,0.44708432856559993,0.0011729337287040547,10.525465508520664,4627.889235995947,1902503.7494198205,0.0005716999718548554,352.33301963129753,67.06764057521374,22744.217979328212,176.16650981564877,0.9941197842425205,67.06764057521374,0.43814870880680645,0.0011600818492525187,10.439564869891804,3149.5477220840357,1223405.3374009521,-0.001735545199059052,352.9041617845281,119.73986783512845,22530.782813908798,176.45208089226406,0.9894271872205682,119.73986783512845,0.4474930157484742,0.0011740907901691558,10.523861725382687,1811.0081514459998,1918749.5198247475,error3
0.0023490958840234333,353.86365565949546,61.745935802741045,22870.46429899288,176.93182782974773,0.9946149162971565,61.745935802741045,0.4337477608010058,0.001142740676370448,10.483938092266126,1915.445718983453,714257.9530630109,0.0030416090354067338,354.316999092583,117.24364323432047,22691.01264577611,177.1584995462915,0.9897191927564529,117.24364323432047,0.44735196867596505,0.0011720721238966257,10.543098330774022,5653.619705427111,1856866.794758306,0.0006926365043625204,353.74339686532505,64.1632440495257,22906.30526067493,176.87169843266253,0.9944134144206611,64.1632440495257,0.43834979763662313,0.001159642649930791,10.458256914946663,3731.16916323842,1150941.5389016748,-0.0016584588006236523,354.316999092583,117.55198651908776,22690.70430018237,177.1584995462915,0.989692154889747,117.55198651908776,0.44750355066534714,0.0011714998444011992,10.544537909008199,1963.4387338000015,1877107.0532725577,error3
0.0023490958840233223,352.7841361243877,59.951925997245304,22683.785704175327,176.39206806219386,0.9947280498067513,59.951925997245304,0.43277245062714514,0.0011462592721013336,10.477219081912923,1391.0363516500001,635040.1913770783,0.0017465575416927281,353.2361729025892,110.08797455483679,22510.3179790666,176.6180864512946,0.9902664899312065,110.08797455483679,0.44570263568919,0.0011713120085222277,10.548709526089578,6019.186495577698,1675871.1627769424,-0.0006024838164931934,352.6641130734591,58.91559473270703,22722.939349793858,176.33205653672954,0.9948278491917175,58.91559473270703,0.4371412014742447,0.0011606140248300821,10.458477777716535,4618.448702282776,1049577.823035601,-0.0029557127628646596,353.23617950999477,110.67777452323928,22509.72353629762,176.61808975499738,0.9902143403202716,110.67777452323928,0.4455120758853524,0.001171104720640074,10.549710585240584,3286.2593731156867,1692130.4210508643,error3
0.002302905796416177,352.43805139417077,61.519641980317815,22709.979478400615,176.21902569708539,0.9945967859511449,61.519641980317815,0.4336642345797342,0.0011455193240628167,10.467126933976157,1492.9415075102606,715918.7532634854,0.002872018958849032,352.88985895391556,120.3724732287468,22528.003850061592,176.44492947695778,0.9893703220477653,120.3724732287468,0.4470860197618979,0.0011740741876859536,10.524730105309294,4631.01640150555,1962187.7411165612,0.0005716999718548554,352.3187403250774,67.4119666728777,22741.7145019173,176.1593701625387,0.9940890356528334,67.4119666728777,0.438141336534995,0.001161193140792397,10.438719791979503,3157.6272574802765,1255036.8564143213,-0.001735545199059163,352.88985895391556,120.41108333345898,22527.965227573513,176.44492947695778,0.9893669125167687,120.41108333345898,0.44749415988012115,0.0011752711760590567,10.523098058670218,1824.716779734149,1980104.3470545015,error3
